rating,avg_sentiment_polarity,price,size_mb,log_reviews,log_installs,predicted_log_installs
3.9,0.1179166666666666,0.0,14.0,6.875232087276577,13.122365377402328,11.91559903397981
4.4,0.2684828944203944,0.0,33.0,9.531843992903474,13.815511557963774,13.60678202971286
4.3,0.4126488095238095,0.0,39.0,12.17673136962806,15.424948670398354,15.981361972404684
4.1,0.2603703703703703,0.0,12.0,6.484635235635252,11.51293546492023,11.392684441512188
4.7,0.1718359526825084,0.0,25.0,9.91645313492615,13.122365377402328,13.702698344547416
4.1,0.2701515151515151,0.0,6.1,5.318119993844216,11.51293546492023,10.415192455707071
4.5,0.3609907670454546,0.0,11.0,8.524367395164237,11.51293546492023,12.791069259462592
4.2,0.0994526143790849,0.0,11.0,6.923628628138427,11.51293546492023,11.68151818929146
4.1,0.2646154758654758,0.0,12.943396226415096,10.508895818788067,15.424948670398354,14.910482888289243
4.7,0.2048395689349636,0.0,24.0,12.069863384901188,16.118095750958314,15.597017974111598
4.9,0.241125992063492,0.0,17.0,8.958668737047434,11.51293546492023,12.726090028083824
4.6,0.3085747474747474,0.0,2.4,7.796469243086058,11.51293546492023,12.117000739926983
4.9,0.2956603213254998,0.0,27.0,8.714567550836485,11.51293546492023,12.438942192680475
4.2,0.2877923040754261,0.0,16.0,12.513266861915456,16.118095750958314,16.54430912928752
4.5,-0.1333333333333332,0.0,2.9,6.902742737158593,11.51293546492023,11.419929355247412
4.3,0.2881385281385282,0.0,38.0,5.855071922202427,11.51293546492023,10.449028763832121
4.6,0.4135451680672268,0.0,20.036807291666666,9.500993027872797,13.815511557963774,13.480785745978022
4.6,0.4344380276492345,0.0,20.036807291666666,11.094177529405146,13.815511557963774,14.876685981457838
3.9,-0.0634218931475028,0.0,21.0,7.461640392208575,13.122365377402328,12.372894408606744
4.6,0.4890251068376068,0.0,14.0,8.382518288089635,11.51293546492023,12.547882233907169
4.3,0.0991203703703703,0.0,25.0,9.056373008678756,13.815511557963774,13.345629621055922
4.0,0.1999936618165784,0.0,13.795744680851064,11.64145939103446,16.118095750958314,15.994115869996415
4.4,0.1531217345872518,0.0,24.0,7.732369222284388,13.122365377402328,12.095179714010058
4.5,0.4306034482758621,0.0,8.2,6.161207321695077,11.51293546492023,10.743705880191431
4.2,0.0825176993840899,0.0,13.253663862179488,13.609815148633531,18.420680753952364,17.520570730885442
4.5,0.115840791609706,0.0,13.253663862179488,12.41437054342788,16.118095750958314,16.175843851931138
4.5,0.2387310606060605,0.0,13.253663862179488,13.025986829231304,16.118095750958314,16.714330105927495
4.5,0.25,0.0,4.2,6.037870919922137,11.51293546492023,10.661414401497481
4.5,0.2777048112144266,0.0,13.253663862179488,12.221606370091424,16.118095750958314,16.01067990340036
4.6,0.2455511849261849,0.0,5.9,11.412762529570834,15.424948670398354,15.256877422133105
4.3,0.2093258302268718,0.0,17.0,9.770356079932933,13.815511557963774,14.033155320660367
4.1,0.3425324877668627,0.0,37.0,11.360275325435731,15.424948670398354,15.478527308742725
4.4,0.354636544011544,0.0,6.8,7.904703913873747,13.815511557963774,12.378979605867897
4.3,0.2726303043825365,0.0,13.253663862179488,11.07463753349456,15.424948670398354,15.204917343222455
4.2,0.1068702125420875,0.0,13.253663862179488,9.029178142902074,16.118095750958314,13.509070292300684
4.4,0.3852300027300027,0.0,10.0,9.081256218564643,13.815511557963774,13.386316543059891
4.4,0.3404504504504504,0.0,6.1,10.844861064777746,13.815511557963774,14.959080750797632
4.4,0.3994312583967757,0.0,2.1,10.312479766420449,13.815511557963774,14.523954577807896
3.5,0.2426242236024844,0.0,42.0,5.056245805348308,13.122365377402328,10.514296041736728
4.1,0.1968252349502349,0.0,13.922886181382276,12.291015634880166,17.72753358339242,16.46254861702754
4.4,0.2478112203112203,0.0,13.922886181382276,11.170322473618691,15.424948670398354,15.183695244325076
4.5,0.3937034821903243,0.0,3.9,8.402679804627477,13.122365377402328,12.738183256460557
4.4,0.75,0.0,18.0,11.039283223998446,16.118095750958314,15.049908073110782
4.0,-0.0610827285459638,0.0,13.922886181382276,14.06173371435433,17.72753358339242,18.107094739701402
4.2,0.3997373642439432,0.0,13.922886181382276,11.982135029029635,16.118095750958314,16.09713752084731
4.6,0.0279725829725829,0.0,3.2,12.148665965580626,15.424948670398354,15.916635410731717
4.1,-0.0091103341103341,0.0,13.922886181382276,10.045681318239303,15.424948670398354,14.491249634192052
4.1,0.2034005359719645,0.0,13.922886181382276,9.853456618930563,13.815511557963774,14.327707421439076
4.4,0.2431606761294261,0.0,13.922886181382276,10.657094635464652,13.815511557963774,14.734067677530096
4.5,0.3108975283975284,0.0,14.0,11.54979726774608,16.118095750958314,15.417447642443392
4.3,0.1126389436774052,0.0,20.0,10.285820496587244,15.424948670398354,14.46006725946416
4.1,0.0931260931528788,0.0,26.0,7.497207223203318,11.51293546492023,12.171355924511783
3.8,-0.0284211068797534,0.0,20.0,8.677439540558334,13.122365377402328,13.545507176784017
4.6,0.4138604413032766,0.0,48.0,8.333270353255308,13.122365377402328,12.249456831747528
4.3,0.2348603735237985,0.0,10.0,9.943477200752287,13.815511557963774,14.237575380916887
4.1,0.1967294372294372,0.0,11.0,8.874867635688053,13.815511557963774,13.492237072645564
4.5,0.4284453320802004,0.0,8.5,8.03268487596762,11.51293546492023,12.380594725990012
4.4,0.1035770248270248,0.0,28.0,11.596733383026631,16.118095750958314,15.448911458459593
4.2,0.1070955125121791,0.0,46.0,7.415776975415394,11.51293546492023,11.851707390197994
4.2,0.4924897443826015,0.0,13.51456640625,10.153156182789694,13.815511557963774,14.500335676263623
4.7,0.3004292929292929,0.0,7.8,8.187855443695623,9.210440366976515,12.319869580773485
4.3,0.0580159444143819,0.0,11.657320462740383,15.342506637123115,20.72326583794641,18.950061957056498
4.0,0.2393547675414862,0.0,11.657320462740383,15.044931786743795,20.72326583794641,18.991965351522616
4.4,0.1072400512719776,0.0,11.657320462740383,14.938824890072594,18.420680753952364,18.498129840246
4.3,0.0122487102300894,0.0,11.657320462740383,11.106504900559028,17.72753358339242,15.23882691656853
4.3,0.358151337594697,0.0,6.6,12.17018118426252,16.118095750958314,16.216039780442934
3.9,0.0620025918195561,0.0,5.1,9.52507811645139,16.118095750958314,14.301636585832018
4.4,0.2147809172809172,0.0,4.0,10.515451792270389,13.815511557963774,14.683371334815964
4.2,0.1524792850378787,0.0,11.657320462740383,12.049605952480244,16.118095750958314,16.16752036253
4.4,0.3058902989260132,0.0,11.657320462740383,11.059487858312968,15.424948670398354,15.104833597428627
4.2,0.0732953987653694,0.0,11.657320462740383,13.56936830233666,18.420680753952364,17.496841332962294
4.6,0.2856898148148148,0.0,11.657320462740383,14.549433971997454,20.030118658386467,17.962171515227602
3.7,0.0299755411255411,0.0,11.657320462740383,9.529666449762423,16.118095750958314,14.45497246911438
4.3,0.3400470779220779,0.0,11.657320462740383,12.462871451524784,16.118095750958314,16.434268850754652
4.0,0.2393547675414862,0.0,11.657320462740383,15.044985598266612,20.72326583794641,18.992012483544293
4.2,0.4666666666666666,0.0,14.0,11.32948328050757,15.424948670398354,15.526441485397982
4.4,0.2024882756132756,0.0,24.0,14.872085182930132,18.420680753952364,18.34977925094641
4.5,0.1184400408619158,0.0,11.657320462740383,12.709154362498197,16.118095750958314,16.446001946566767
4.3,0.1383768774436858,0.0,11.657320462740383,16.368298650720195,18.420680753952364,19.850348222635695
4.4,0.2147809172809172,0.0,4.0,10.515804215181523,13.815511557963774,14.68368001227792
4.2,0.1689682088744588,0.0,32.0,9.672878705110646,13.815511557963774,13.934461529153522
4.4,0.1072400512719776,0.0,11.657320462740383,14.938854157660954,18.420680753952364,18.49815547491562
4.6,0.0125,0.0,6.1,14.63304867163623,17.72753358339242,18.07065698720289
4.3,0.1772660982370803,0.0,4.7,13.940822513374568,16.118095750958314,17.776961919155124
4.2,0.4108145831994516,0.0,11.0,12.158005719760787,16.118095750958314,16.27322913581485
4.2,0.2713527987019366,0.0,2.7,11.737931281192244,16.118095750958314,15.964037614053526
4.2,0.3370953282828283,0.0,10.0,11.561629911180267,15.424948670398354,15.756665711447567
4.1,0.0279725829725829,0.0,10.0,9.77166897791528,13.815511557963774,14.281349643663582
4.4,0.3907407407407408,0.0,20.0,13.088943089213142,16.118095750958314,16.82207965424641
4.0,0.2178146258503401,0.0,11.657320462740383,11.00723662530939,15.424948670398354,15.454971280839922
4.5,0.1241623376623376,0.0,11.657320462740383,13.033059921061168,16.118095750958314,16.72983169402358
4.4,-0.0416666666666666,0.0,11.0,11.449197282086578,15.424948670398354,15.44318542918668
4.3,0.0653009259259259,0.0,11.657320462740383,9.607370001263243,13.815511557963774,13.926980005907895
4.0,0.35,0.0,0.115234375,9.158941808890182,13.815511557963774,13.92518575295699
4.3,0.0580159444143819,0.0,11.657320462740383,15.342541169275972,20.72326583794641,18.95009220281227
4.1,0.215,0.0,7.3,9.947600127154448,13.815511557963774,14.459824320676836
4.2,0.0675195892751039,0.0,0.6787109375,11.730831323488175,16.118095750958314,15.968269330843494
4.0,0.2393547675414862,0.0,11.657320462740383,15.04500899367772,20.72326583794641,18.992032974936578
4.1,0.0331751253132831,0.0,56.0,7.846589975291186,11.51293546492023,12.2522588306691
4.2,0.170452248368915,0.0,12.0,8.959311617172437,13.122365377402328,13.458669177921028
4.4,0.131246684996685,0.0,29.0,9.444067716830038,13.815511557963774,13.556620723804222
4.0,0.2879371370442799,0.0,40.0,10.796427770802032,13.815511557963774,15.060530300528274
4.4,0.2503846153846153,0.0,3.1,12.057926402935522,15.424948670398354,16.04190252767584
3.9,0.2727557740554899,0.0,5.0,9.2314166975781,13.815511557963774,14.049954715751412
4.4,0.3019262941919192,0.0,27.0,6.504288173536645,9.210440366976515,11.000538930102614
3.3,0.143754714775754,0.0,21.0,7.05444965813294,11.51293546492023,12.617800780842341
4.1,0.3076776351954923,0.0,24.0,7.63433723562832,11.51293546492023,12.311249443225634
3.9,0.2820344717011384,0.0,31.0,7.404887575616125,13.122365377402328,12.25644111752515
4.0,0.0423058712121212,0.0,15.82594145014045,10.650057009592066,15.424948670398354,15.10705392964756
3.4,0.1703722127653048,0.0,8.0,7.600902459542082,11.51293546492023,13.094511169185434
4.2,0.2924706625074272,0.0,5.9,10.023268590855183,13.815511557963774,14.438824444571463
4.1,0.118689428064428,0.0,7.9,11.489503295025736,13.815511557963774,15.803674170808684
4.6,0.3879629629629629,0.0,13.0,9.476313501265748,13.122365377402328,13.51107233529411
3.9,0.0980260328993856,0.0,13.0,9.07371849443322,13.122365377402328,13.848199399455684
4.4,-0.0727183450668299,0.0,7.2,10.4690002054518,13.815511557963774,14.612295226053451
4.1,-0.0342955192955192,0.0,15.82594145014045,6.716594773520978,11.51293546492023,11.560629794662514
4.3,0.1380524855853803,0.0,15.82594145014045,11.816128954578758,16.118095750958314,15.832130406939978
4.1,0.1792936686686686,0.0,41.0,7.70210434005105,11.51293546492023,12.24089914591994
3.5,0.1269117330480966,0.0,2.8,5.488937726156687,10.819798284210286,11.183021800112819
4.2,0.2319198256698256,0.0,20.0,11.066435216709133,15.424948670398354,15.245968061477122
4.3,0.3814362108479756,0.0,13.0,7.796057974316123,13.122365377402328,12.337661190896338
4.0,0.1741083044249896,0.0,27.0,6.6052979209482015,9.210440366976515,11.484011868144684
4.1,0.0550287081339712,0.0,15.0,8.507950610049305,13.815511557963774,13.137815769846778
3.9,0.2820344717011384,0.0,31.0,7.406103381237015,13.122365377402328,12.257506007977586
4.0,0.3851602217227217,0.0,32.0,5.823045895483019,9.210440366976515,10.766356062153328
4.6,0.3879629629629629,0.0,13.0,9.47654341275084,13.122365377402328,13.511273708392878
4.1,0.2116754639914179,0.0,44.0,6.828712071641684,11.51293546492023,11.45427869226049
4.4,0.3066502396413111,0.0,28.0,5.293304824724492,9.210440366976515,9.932520982319328
4.3,0.1380524855853803,0.0,15.82594145014045,11.816143723445986,16.118095750958314,15.832143342581524
4.2,0.2924706625074272,0.0,5.9,10.023312945604475,13.815511557963774,14.438863293667264
3.9,0.0980260328993856,0.0,13.0,9.07383312732152,13.122365377402328,13.84829980322598
4.4,0.1894334795321637,0.0,27.0,5.389071729816501,9.210440366976515,10.02119918110427
4.4,-0.0727183450668299,0.0,7.2,10.468971801605916,13.815511557963774,14.612270347911934
4.2,-0.1394560185185185,0.0,21.0,12.404722664436235,16.118095750958314,16.402251698585708
3.9,0.0818653221481747,0.0,15.82594145014045,7.3632795869630385,9.210440366976515,12.328629708925645
4.1,0.0550287081339712,0.0,15.0,8.508152446764088,13.815511557963774,13.137992553032209
4.1,0.0331751253132831,0.0,56.0,7.848153086199526,11.51293546492023,12.253627916198717
4.0,0.0423058712121212,0.0,15.82594145014045,10.650128105536073,15.424948670398354,15.107116200614792
4.4,0.131246684996685,0.0,29.0,9.444146871458646,13.815511557963774,13.556690053149985
4.4,0.2802671702652353,0.0,8.1,10.635999666618329,13.122365377402328,14.759862462397917
4.3,0.3814362108479756,0.0,13.0,7.797291273547472,13.122365377402328,12.338741403517414
4.7,-0.1,0.0,4.5,5.068904202220232,9.210440366976515,9.603593149849175
4.1,0.118689428064428,0.0,7.9,11.489656838030877,13.815511557963774,15.803808654872093
4.7,0.1986302882723337,0.0,38.92432432432432,15.65445970491714,18.420680753952364,18.62521437240352
4.3,0.3306327561327561,0.0,21.0,12.494812907901462,16.118095750958314,16.39235060688271
4.0,0.39528393175452,0.0,7.4,6.7912214627261855,13.122365377402328,11.798060093667512
3.8,0.2208048804012345,0.0,25.0,10.22459231202622,15.424948670398354,14.868978688962827
4.7,0.1351686507936507,0.0,27.0,12.447134697346728,15.424948670398354,15.903503420509924
4.5,0.2554974071067821,0.0,13.906069742838543,10.625853671765292,13.815511557963774,14.607634535837304
4.1,0.5309259259259259,0.0,1.9,5.883322388488279,10.819798284210286,10.947479990314338
4.3,0.1964510494328202,0.0,1.8,9.384713758920965,13.815511557963774,13.808457143182892
4.3,0.2768000669964955,0.0,1.8,10.010187171195184,13.815511557963774,14.35811516862386
4.2,0.2688999236058059,0.0,29.0,5.484796933490655,9.210440366976515,10.29087944841491
4.0,0.4086946386946387,0.0,2.3,5.62040086571715,10.819798284210286,10.81091282023154
4.5,0.2620552874979958,0.0,13.906069742838543,9.531843992903474,13.122365377402328,13.649570578536423
4.4,0.4127359971240179,0.0,13.906069742838543,7.478734825567875,11.51293546492023,11.954203644264489
4.4,0.3880157126823793,0.0,13.906069742838543,8.285008895449879,11.51293546492023,12.65983583273257
4.7,0.1986302882723337,0.0,38.92432432432432,15.654552388531515,18.420680753952364,18.625295551413018
4.3,0.3306327561327561,0.0,21.0,12.494764208275129,16.118095750958314,16.39230795222951
4.4,0.3093640734265734,0.0,11.0,10.911427224594425,13.815511557963774,14.980132760720968
4.3,1.0,0.0,5.2,9.692519577152051,13.815511557963774,14.07093052898351
4.0,-0.0088107799938157,0.0,15.0,6.728628613084702,11.51293546492023,11.677383763008358
4.0,0.2775236133048633,0.0,1.2,7.834392302910435,11.51293546492023,12.755314391521937
4.1,0.4041555349412492,0.0,18.0,12.20636760202623,16.118095750958314,16.362703606425914
4.4,0.2023263888888888,0.0,41.0,11.34225576091672,15.424948670398354,15.131303329775122
4.5,0.125,0.0,13.906069742838543,10.664970722216369,13.815511557963774,14.638934965517493
3.5,0.0737730587730587,0.0,7.3,7.24850407237061,11.51293546492023,12.689408723547935
4.4,0.2023263888888888,0.0,41.0,11.342279482613773,15.424948670398354,15.13132410695222
4.3,0.0381778261730828,0.0,15.1443601623062,15.401812280952862,18.420680753952364,18.975548311747175
4.3,0.2861184210526316,0.0,5.6,11.543250963516297,15.424948670398354,15.672752857774647
3.9,0.023143659003034,0.0,15.1443601623062,10.4609295509307,15.424948670398354,15.045526516181281
3.4,-0.0285198337542087,0.0,15.1443601623062,11.378078922200462,16.118095750958314,16.345036956117863
4.2,0.4611111111111111,0.0,24.0,12.92801134375286,17.72753358339242,16.85183805203411
4.1,0.0701554067460317,0.0,39.0,9.99277966001489,13.815511557963774,14.259678492213581
4.6,0.1386347481883196,0.0,15.1443601623062,12.403890183698229,16.118095750958314,16.05360467627191
4.3,0.0886444283157262,0.0,12.0,7.321188556739479,11.51293546492023,11.922550882417509
4.3,0.1356944444444444,0.0,72.0,10.704389879336146,13.815511557963774,14.439367939618226
4.1,0.0195012685596567,0.0,15.1443601623062,8.963672275615016,13.122365377402328,13.535086903729857
4.1,0.364018944018944,0.0,16.0,6.941190055068375,11.51293546492023,11.765086518868959
4.2,0.2735714285714286,0.0,9.6,7.8009820712577405,11.51293546492023,12.464360413169704
3.7,0.1775100333694083,0.0,15.1443601623062,12.644543682141071,16.118095750958314,17.16054715043827
3.0,0.0860583905828471,0.0,23.0,6.202535517187923,10.819798284210286,12.153833054662694
4.1,0.2456474868282614,0.0,20.0,10.415951832970627,13.815511557963774,14.776014587710726
3.9,0.0543292977141514,0.0,15.1443601623062,11.016035618942716,15.424948670398354,15.532436170678107
4.0,0.2988800037411148,0.0,19.0,10.299137987255902,13.815511557963774,14.781842257496601
4.2,0.0510880756974506,0.0,19.0,9.602922854253334,13.815511557963774,13.967473273735912
3.9,0.1714237662868177,0.0,19.0,10.015878298115156,13.815511557963774,14.630326244230801
3.7,0.1775100333694083,0.0,15.1443601623062,12.644637205940528,16.118095750958314,17.160629065342597
4.5,0.3055693342151675,0.0,13.0,9.703388915639492,13.122365377402328,13.8075672110668
3.8,-0.0556527117201929,0.0,32.0,11.381950801127395,16.118095750958314,15.824195166717146
3.7,0.2139840252340252,0.0,44.0,12.194885299889595,16.118095750958314,16.55231511723876
4.5,0.1610472318136008,0.0,43.0,7.362645270417825,11.51293546492023,11.530343951431071
3.9,0.15368272005772,0.0,15.1443601623062,9.204523486654615,13.815511557963774,13.948037316466642
4.5,0.0342221583670175,0.0,15.1443601623062,13.57620967717518,16.118095750958314,17.177513016232698
4.0,0.5028597402597402,0.0,9.5,8.23827262463303,11.51293546492023,13.052270505965335
4.2,0.1261752136752136,0.0,2.8,6.699500340161678,9.210440366976515,11.5469755153931
4.4,0.3333333333333333,0.0,8.9,6.142037405587356,11.51293546492023,10.81896286648977
4.5,0.3797400972400972,0.0,24.0,9.082620630373812,13.815511557963774,13.183494290110549
4.5,0.5492664141414141,0.0,13.963617050438597,7.577633832602728,11.51293546492023,11.944019936926342
3.6,0.1500614478114477,0.0,42.0,10.864885484309047,15.424948670398354,15.50034683397184
4.0,0.004322019211725,0.0,10.0,10.788205054571176,15.424948670398354,15.270644173240774
4.2,0.5061821338383838,0.0,18.0430166080298,10.511811868655796,15.424948670398354,14.781008040855586
4.0,-0.0148600319433652,0.0,42.0,9.398809659356372,13.815511557963774,13.814607807382135
4.1,0.116998667998668,0.0,65.0,11.622971984143769,13.815511557963774,15.494663796068624
4.7,0.2700516800659658,0.0,18.0430166080298,13.46779818705094,16.118095750958314,16.867339504342702
4.5,0.3268825522303783,0.0,39.0,11.08152697483556,13.815511557963774,14.821205867810239
4.0,0.0270824408519721,0.0,18.0430166080298,10.146786610053905,13.815511557963774,14.649372108025299
4.2,0.115687486099574,0.0,18.0430166080298,12.759495008025844,18.420680753952364,16.740830720973555
4.8,0.2839285714285714,0.0,21.0,9.417760962825156,11.51293546492023,13.198809298512973
4.5,0.2367982904441237,0.0,22.0,9.010547069270189,11.51293546492023,13.132040330321129
4.3,0.0466666666666666,0.0,18.0430166080298,10.73548321491488,13.815511557963774,14.867013327049456
4.4,0.2275061894870362,0.0,27.0,9.979105098994715,13.815511557963774,14.042346122006151
4.6,0.1705043708304578,0.0,46.0,10.0489289881863,13.815511557963774,13.761549467461919
4.6,0.2642297979797979,0.0,3.8,11.15587902346339,13.815511557963774,15.047966712547197
4.6,0.2394542938786359,0.0,8.4,10.188215265161473,13.815511557963774,14.165546110426376
4.7,0.2700516800659658,0.0,18.0430166080298,13.467799602874896,16.118095750958314,16.86734074442367
4.3,0.0886673857940305,0.0,11.0,10.133288891514404,13.815511557963774,14.393050541795432
4.5,0.1597274053560818,0.0,7.4,9.897016661405816,13.815511557963774,14.015618027037931
4.2,0.2477037637331754,0.0,18.0430166080298,10.112451040276504,13.815511557963774,14.42535383669917
4.1,-0.0233527236652236,0.0,18.0430166080298,8.112227958349724,13.122365377402328,12.766738739187971
3.9,0.1532734140136483,0.0,58.0,9.274159884689135,13.815511557963774,13.689386944665523
3.7,0.0888267410693881,0.0,18.0430166080298,7.861341795599989,13.122365377402328,12.947441572363951
4.3,0.0466666666666666,0.0,18.0430166080298,10.735592003983864,13.815511557963774,14.867108612380353
4.3,0.3272583733540765,0.0,21.0,6.530877627725885,10.819798284210286,11.168628392203043
4.4,0.1432521976325992,0.0,11.0,8.237743803890933,11.51293546492023,12.634558305165823
4.1,0.0131790547415547,0.0,38.0,9.628590074443766,13.815511557963774,13.946860458986418
4.4,0.0391008283968054,0.0,12.0,8.691314551644853,13.122365377402328,13.02200667958973
4.3,0.2055902244649166,0.0,50.0,8.683724062303869,13.122365377402328,12.835193121362206
4.3,0.353454576824142,0.0,23.0,9.590692779269272,13.815511557963774,13.834313349180308
4.1,0.2521709155042488,0.0,45.0,7.972121128921655,11.51293546492023,12.449219500613285
4.2,0.115687486099574,0.0,18.0430166080298,12.759598498828192,18.420680753952364,16.74092136569952
4.7,0.3880928287981859,0.0,12.0,8.098946748943339,10.819798284210286,12.212660889352371
4.4,0.1800268291975881,0.0,53.0,12.739904582834368,16.118095750958314,16.265458636664988
4.6,-0.0416666666666666,0.0,68.0,11.384546490100442,15.424948670398354,14.762481088193013
4.3,0.1756663259579926,0.0,32.0,10.115772360515464,13.815511557963774,14.223056392765574
4.0,-0.0387306547619047,0.0,46.0,11.268392277727548,15.424948670398354,15.421748245348958
4.6,0.0481659967017109,0.0,32.0,14.13363696279013,16.118095750958314,17.4408733467822
4.2,0.1114486703772417,0.0,18.0430166080298,12.247521643442711,16.118095750958314,16.292311255329032
4.1,0.0179280039983164,0.0,24.0,8.85352256068954,13.815511557963774,13.372525388928134
4.7,0.2847770467836257,0.0,8.9,7.903965634032166,11.51293546492023,12.062658980139787
3.8,0.0465277777777778,0.0,8.4,8.108021221376747,13.122365377402328,13.134987327560648
4.2,0.1965599297808238,0.0,66.0,11.128791227563893,13.815511557963774,14.956696102971277
4.5,0.1227393293840662,0.0,35.0,11.957258659963776,15.424948670398354,15.613436301519044
4.7,0.2269709093598896,0.0,22.0561224489796,13.84791579071295,16.118095750958314,17.169365165177325
3.7,0.1894097222222222,0.0,43.0,6.595780513961311,11.51293546492023,11.655115156960722
4.0,0.4033939116439117,0.0,17.0,6.982862751468942,11.51293546492023,11.894496956744554
4.1,0.565437038093288,0.0,22.0561224489796,10.748067436856283,15.424948670398354,15.058826428506386
4.1,0.445762473876698,0.0,7.2,5.631211781821365,10.819798284210286,10.685201438485898
4.5,0.2729995443153338,0.0,22.0561224489796,11.03298462478526,15.424948670398354,14.903840200358783
4.5,0.2574367684784351,0.0,8.2,11.787294308359884,16.118095750958314,15.66751025123884
4.3,0.3282224025974026,0.0,76.0,10.373084849239977,13.815511557963774,14.12372216512084
4.1,0.2002786796536796,0.0,22.0561224489796,13.089759603939749,16.118095750958314,17.101563915547583
4.3,0.1716105214230214,0.0,22.0561224489796,10.59955546360705,13.815511557963774,14.720861800761584
4.7,0.4087426900584795,0.0,22.0561224489796,10.849686540148948,13.815511557963774,14.547423823199377
4.6,0.3832653026403026,0.0,25.0,8.947806093057054,11.51293546492023,12.958560179388346
4.2,0.2173747808904058,0.0,8.5,8.231109840328154,11.51293546492023,12.848026470036029
4.5,0.0724071030242905,0.0,22.0561224489796,11.556990196132327,13.815511557963774,15.35825052556545
4.8,0.3383518564768565,0.0,15.0,12.967245229730942,16.118095750958314,16.35368940931326
4.8,0.3335368733928641,0.0,21.642819010416662,13.062691926176443,16.118095750958314,16.387634596384167
4.8,0.5043875,0.0,15.0,9.449829601826478,13.815511557963774,13.27665003848623
4.5,0.1752690095398428,0.0,9.4,6.561030665896573,11.51293546492023,11.079156228802276
3.9,0.2455546536796536,0.0,21.642819010416662,12.786661244177363,16.118095750958314,17.039149196626383
4.5,0.3376529431216931,0.0,4.0,9.117896081584902,13.122365377402328,13.362603695909318
4.7,0.2174188233400472,0.0,6.9,7.636269603379373,11.51293546492023,11.84157978384014
4.7,0.3480287178805847,0.0,11.0,10.82566094756844,13.815511557963774,14.60746358430988
3.9,0.1548099296536796,0.0,21.642819010416662,12.355156223538698,16.118095750958314,16.659146821895067
4.2,0.2922753227440727,0.0,15.0,9.596282813595485,15.424948670398354,13.996963737860078
4.4,0.2819784035409035,0.0,4.3,9.395158808968723,13.815511557963774,13.701425015879911
4.6,0.2329787330009098,0.0,21.642819010416662,14.44332797110052,17.72753358339242,17.793564495199284
4.6,0.2971665494227994,0.0,67.0,11.65894604203785,16.118095750958314,15.017966881980493
4.6,0.3373787910997732,0.0,48.0,9.253974408996244,13.122365377402328,13.054140559044473
4.3,0.4482204861111111,0.0,13.0,8.486527777105353,13.815511557963774,12.943939956727073
4.6,0.2019705918112629,0.0,31.0,12.232227603007026,15.424948670398354,15.78642993192872
4.5,0.4102777777777777,0.0,21.642819010416662,12.89674175821458,16.118095750958314,16.542450976048578
4.5,0.2742506820436508,0.0,25.0,11.77609709573751,16.118095750958314,15.532783651551807
4.4,0.8,0.0,21.642819010416662,11.807056696816188,16.118095750958314,15.696344599255234
3.9,0.1300530303030303,0.0,21.642819010416662,12.428640030892655,16.118095750958314,16.72294749476464
4.4,0.2335647054965236,0.0,35.0,11.167190461069833,15.424948670398354,15.023427596080738
4.9,0.2918472637721826,0.0,12.0,10.273187304197547,13.122365377402328,13.915883232186111
4.4,0.255183337439435,0.0,15.0,9.35071082482346,11.51293546492023,13.582081579472604
4.6,0.2973615162407728,0.0,21.642819010416662,11.621340311407227,15.424948670398354,15.323324610368386
4.6,0.2497083333333332,0.0,39.0,11.258858681002508,16.118095750958314,14.8752992355726
4.6,0.5953125,0.0,23.0,10.935710719873049,13.815511557963774,14.71943907049757
4.6,0.5050367080835831,0.0,28.0,9.919705330558962,13.815511557963774,13.790207756979473
4.6,0.2329787330009098,0.0,21.642819010416662,14.443331707382027,17.72753358339242,17.793567767704722
4.7,0.2773264222549936,0.0,6.1,9.65982236550112,13.815511557963774,13.621279639181466
4.4,0.3542169233582048,0.0,21.642819010416662,9.57519179719905,13.815511557963774,13.731400736441767
4.6,0.2329787330009098,0.0,21.642819010416662,14.443330106120232,17.72753358339242,17.793566365203887
4.5,0.3999052761887583,0.0,19.0,10.219757081839822,13.815511557963774,14.21723006754033
4.0,0.4659061431989063,0.0,3.8,7.820439515262181,13.122365377402328,12.727976321317314
4.0,0.2475186824712288,0.0,5.5,8.026823576217629,11.51293546492023,12.891107733980519
4.3,0.3910554643313264,0.0,3.3,8.974111581113318,13.122365377402328,13.442050262843193
4.5,0.2182625359179459,0.0,21.642819010416662,10.392282268231297,13.815511557963774,14.344507299962544
4.2,0.1167645790200137,0.0,4.0,7.1891677384203225,11.51293546492023,11.96669802737955
4.1,0.2247583128078817,0.0,3.6,7.8119734296220225,11.51293546492023,12.61710551005979
3.7,0.2188967803030302,0.0,37.0,7.502738210754851,11.51293546492023,12.494913644612039
4.3,0.2832687528520862,0.0,21.642819010416662,9.526974266377731,13.815511557963774,13.787033858478264
4.4,0.2217314889971139,0.0,10.0,8.524962928680598,13.122365377402328,12.895364728276054
4.2,0.3246701388888889,0.0,21.642819010416662,9.532423871145296,13.122365377402328,13.892221856198361
4.6,0.2973615162407728,0.0,21.642819010416662,11.621385173165727,15.424948670398354,15.323363903539503
4.2,0.2611183261183261,0.0,15.970010080645162,10.21782372723319,13.815511557963774,14.533412514289427
4.0,0.2002840909090909,0.0,18.0,8.699681400989514,13.815511557963774,13.386143700951997
4.5,0.4351814516129032,0.0,7.5,9.045701550034536,13.815511557963774,13.27547918899507
4.3,0.4088850360219845,0.0,9.1,9.215825302206753,13.815511557963774,13.610906575227894
3.9,-0.0037329004329004,0.0,13.0,9.22207129485188,13.815511557963774,13.975828498953685
4.7,0.4480626407472998,0.0,8.3,4.74493212836325,9.210440366976515,9.303929206284892
3.4,-0.038367285742774,0.0,27.0,5.662960480135946,11.51293546492023,11.25067575995583
4.3,0.201457362082362,0.0,15.970010080645162,10.68741192715414,13.815511557963774,14.843882638765818
4.3,0.0796548705923705,0.0,16.0,10.025041248088703,13.815511557963774,14.260743024630408
4.5,0.3375742424242424,0.0,15.970010080645162,11.545450736673626,15.424948670398354,15.39955287135303
4.3,0.1673611111111111,0.0,7.0,5.613128106388071,10.819798284210286,10.465586125684943
3.4,0.0243910256410256,0.0,77.0,8.0959035329611,13.815511557963774,13.010128173937561
3.9,0.245,0.0,5.7,7.2991214627108,11.51293546492023,12.351660193407664
4.1,0.3501802884615384,0.0,5.3,7.794823152179389,13.122365377402328,12.592250754619762
4.3,0.2776376488095238,0.0,30.0,8.251924713801357,13.122365377402328,12.607794475722136
4.2,0.2611183261183261,0.0,15.970010080645162,10.217860240240954,13.815511557963774,14.533444495021124
3.8,0.1062411935866176,0.0,0.2265625,11.112567294230209,15.424948670398354,15.828901537194604
4.6,0.4228053196803196,0.0,99.0,6.29156913955832,10.819798284210286,10.081012869612284
3.5,0.0658285525785526,0.0,0.609375,11.750863043024308,16.118095750958314,16.68262114185353
4.3,0.3535181051587301,0.0,95.0,6.021023349349527,10.819798284210286,10.170736847305502
4.6,0.2814196231286074,0.0,0.00830078125,5.472270673671475,10.819798284210286,10.09852164578916
3.8,0.1939169472502805,0.0,0.28515625,8.955577146281511,13.815511557963774,13.941206070573772
4.5,0.2034848813657407,0.0,28.0,11.004945787654156,13.815511557963774,14.833372704364766
4.2,0.3862701337701337,0.0,9.4,8.28045768658256,13.122365377402328,12.888368735426159
3.1,0.1171785544702211,0.0,55.0,7.145196134997171,11.51293546492023,12.642045929967754
4.3,0.4780041152263374,0.0,5.1,6.400257445308821,11.51293546492023,11.176230611514455
4.3,0.2819713754609588,0.0,5.0,8.893984438939794,13.815511557963774,13.35671465006736
4.6,0.2643148577612863,0.0,11.0,11.99005365415826,16.118095750958314,15.724898745246382
3.2,0.0185771173271173,0.0,55.0,9.690851107739814,13.815511557963774,14.77000181482581
4.6,0.3034726490755402,0.0,4.4,13.612039723547468,16.118095750958314,17.19566523704924
4.3,0.2472597064393939,0.0,16.0,6.893656354602635,13.122365377402328,11.521852883347433
4.4,0.3411092243294624,0.0,45.0,13.495408594256382,16.118095750958314,16.990505823455575
3.5,0.0041057206682206,0.0,13.0,8.72355674269043,16.118095750958314,13.937272894384492
3.7,0.0244729564521231,0.0,14.0,10.644042990491064,16.118095750958314,15.413426546242677
4.2,0.2021577150881997,0.0,36.0,9.300638009956964,13.815511557963774,13.5793457982817
4.3,0.2920903361344538,0.0,3.0,6.501289670540389,13.122365377402328,11.2761659760418
4.3,0.1082424242424242,0.0,1.7,9.14984699154722,13.815511557963774,13.601488150062606
3.8,0.0559756216006215,0.0,6.8,7.494430215031565,11.51293546492023,12.609707757847065
4.6,0.2854137272192827,0.0,14.528179640997022,10.589735991404917,13.815511557963774,14.47256355499498
4.1,0.4378030303030303,0.0,13.0,8.104703468371108,13.122365377402328,12.808225049148584
3.9,0.1231246617965367,0.0,4.5,6.895682697747868,9.210440366976515,12.004483947706808
4.1,0.1756305397541127,0.0,29.0,11.26829011050526,15.424948670398354,15.453839888636466
4.2,0.3446225071225071,0.0,15.0,5.3981627015177525,10.819798284210286,10.321134472428309
4.3,0.0909358089826839,0.0,7.7,7.335633981927201,11.51293546492023,11.967326260528264
4.1,-0.0214269824091252,0.0,14.528179640997022,10.250687752512317,13.815511557963774,14.666015103532946
4.5,0.78125,0.0,7.5,9.22009266341886,13.122365377402328,13.436076158700082
4.5,0.1894113756613756,0.0,14.0,8.115819701211327,11.51293546492023,12.406965213177632
4.4,0.0310678654100529,0.0,74.0,16.9257617903115,20.030118658386467,19.771728956195417
4.5,0.1901718795093795,0.0,46.0,11.911016786748448,16.118095750958314,15.49242224782413
4.2,0.0564261482064512,0.0,24.0,12.81910461578833,17.72753358339242,16.747266978447545
4.6,0.0462373470976098,0.0,97.0,16.956792730440036,18.420680753952364,19.428758745641446
4.2,0.0766603713037169,0.0,33.0,14.219215451136025,18.420680753952364,17.906918968845012
4.6,0.0492647370414427,0.0,7.8,10.998777662206932,15.424948670398354,14.875654698341322
4.4,-0.0103838275086834,0.0,46.0,14.775062674625456,18.420680753952364,18.095885278425364
4.4,-0.0465576549242046,0.0,67.0,15.639828210285684,18.420680753952364,18.695862635095633
4.6,0.0400013694607723,0.0,98.0,17.619764015010638,18.420680753952364,20.00183704139984
4.2,0.1666471861471861,0.0,4.9,9.743318800383308,15.424948670398354,14.198227506493458
4.5,0.0087818544146451,0.0,52.0,16.468632656232877,18.420680753952364,19.435445495922213
4.7,0.0653846777928719,0.0,78.0,14.36493978143128,17.72753358339242,17.201294870805505
4.5,0.0646231638812587,0.0,59.0,13.94269988212018,17.72753358339242,17.172109402598483
4.4,-0.0238742779136608,0.0,97.0,15.532307587521087,18.420680753952364,18.378451588595524
4.3,0.07045600459865,0.0,11.0,14.074452048341074,18.420680753952364,17.844592904584136
4.6,0.0385172516570203,0.0,33.44475038109756,14.58466045023899,16.118095750958314,17.82491788367987
4.6,0.1030085622911709,0.0,41.906666666666666,13.1348372541088,16.118095750958314,16.493409098524353
4.3,0.2848484848484848,0.0,41.906666666666666,10.043510330455955,15.424948670398354,14.088353839435767
4.1,0.0436904761904761,0.0,85.0,11.128115561787098,16.118095750958314,14.910401722333003
4.3,-0.0863146364708864,0.0,78.0,14.078252443431673,17.72753358339242,17.34465278504843
4.4,0.1065154333126959,0.0,63.0,16.004208665830973,18.420680753952364,19.048320276134103
4.6,0.0010982920106865,0.0,35.667878787878784,15.233481138209692,17.72753358339242,18.375771935083907
4.4,0.0064078983392599,0.0,70.0,15.845516420924984,18.420680753952364,18.85484593602555
4.4,0.0130677538872691,0.0,49.0,14.568520658554784,18.420680753952364,17.893137846774202
4.5,0.0087818544146451,0.0,52.0,16.46865413745014,18.420680753952364,19.435464310725155
4.4,0.0310678654100529,0.0,74.0,16.925841112333426,20.030118658386467,19.77179843215635
4.5,-0.0508342915337525,0.0,82.0,14.977994270309914,18.420680753952364,17.90473247311357
4.5,0.1901718795093795,0.0,46.0,11.911003354644375,16.118095750958314,15.49241048301639
4.4,-0.0465576549242046,0.0,67.0,15.639879349855178,18.420680753952364,18.695907426827436
4.5,0.0764728617218388,0.0,53.0,15.513989037189104,18.420680753952364,18.59337719686694
4.6,0.0492647370414427,0.0,7.8,10.99968024968547,15.424948670398354,14.876445249702385
4.7,0.0678093017461953,0.0,50.32299668633901,14.24369364743434,17.72753358339242,17.301579385316188
4.6,0.0462373470976098,0.0,97.0,16.956847497976817,18.420680753952364,19.428806715009262
4.5,0.0646231638812587,0.0,59.0,13.94414297015611,17.72753358339242,17.173373363420083
4.4,-0.0103838275086834,0.0,46.0,14.775099448133211,18.420680753952364,18.095917487321785
4.4,0.0064078983392599,0.0,70.0,15.845534938953437,18.420680753952364,18.854862155453525
4.6,-0.000518077601411,0.0,74.0,16.10629024050849,18.420680753952364,18.854309012855644
4.4,-0.0238742779136608,0.0,97.0,15.53233201834575,18.420680753952364,18.37847298687785
4.4,0.2208605283605283,0.0,17.0,11.220887251632076,16.118095750958314,15.204421709035492
4.6,0.1651675905210568,0.0,46.81704545454545,14.827260913020991,18.420680753952364,17.940543056536637
4.3,0.07045600459865,0.0,11.0,14.074489869166849,18.420680753952364,17.844626030797386
4.4,0.1650277217741935,0.0,14.0,9.138414632404594,13.815511557963774,13.401549891033254
4.2,0.0766603713037169,0.0,33.0,14.220074593561844,18.420680753952364,17.907671467888296
4.5,0.0646231638812587,0.0,59.0,13.944139452961425,17.72753358339242,17.173370282806722
4.5,0.0087818544146451,0.0,52.0,16.468776818051,18.420680753952364,19.435571763263873
4.7,0.0678093017461953,0.0,50.32299668633901,14.244096312063151,17.72753358339242,17.30193206810642
4.7,0.168856336043836,0.0,24.0,11.860266987727885,15.424948670398354,15.412621803970257
4.3,-0.0736111111111111,0.0,52.0,14.62689089508321,18.420680753952364,18.019396154117075
4.1,-0.0593567570353284,0.0,71.0,11.349370705067676,16.118095750958314,15.20627206034002
4.2,-0.1341666666666666,0.0,73.0,10.74542105042418,16.118095750958314,14.561199621174008
3.4,0.0122723971971413,0.0,78.0,11.906169532781435,16.118095750958314,16.339701213879003
4.3,0.0827339041606754,0.0,45.174731182795696,14.425853136997413,17.72753358339242,17.89776582348044
4.6,0.1214215309779825,0.0,31.0,11.529654746924106,16.118095750958314,15.169238100967188
4.2,0.0766603713037169,0.0,33.0,14.220558245631311,18.420680753952364,17.908095085333574
4.2,-0.0083930652680652,0.0,86.0,12.18361740315936,16.118095750958314,15.726770927534075
4.4,0.0498285959723696,0.0,37.094202898550726,13.91744511171073,16.118095750958314,17.412510922643214
4.5,0.0523061286782201,0.0,95.0,12.153589169473117,15.424948670398354,15.33629571772207
4.6,0.0761704516471637,0.0,48.0,12.730070138092398,15.424948670398354,16.09282941611103
4.6,-0.005,0.0,51.49368421052631,11.533786355637558,15.424948670398354,15.017138539124701
4.6,0.0322247659173125,0.0,35.667878787878784,14.944768113473645,16.118095750958314,18.123602486607403
4.4,-0.0216671890031265,0.0,99.0,11.166879546554684,15.424948670398354,14.540027456476617
4.7,0.0135506449820065,0.0,49.0,12.790570575132524,16.118095750958314,16.037465385581328
4.1,0.0591370097421684,0.0,81.0,9.852036350945047,13.815511557963774,13.822903321954874
4.0,-0.1420604256854257,0.0,77.0,11.70017651847291,16.118095750958314,15.566381644859966
4.0,-0.0235272791804636,0.0,51.49368421052631,13.09186705582884,16.118095750958314,16.978250264624773
4.5,0.1490450656838602,0.0,96.0,11.205584754855265,13.815511557963774,14.500701639123767
4.7,0.1014829802152094,0.0,82.0,10.985597761104732,13.815511557963774,14.212408421651094
4.5,0.0644671324046323,4.99,15.0,9.805102650614726,11.51293546492023,12.583509528265024
4.2,-0.1621195023148147,6.99,46.0,9.473089177882752,11.51293546492023,11.83664345985354
4.6,0.0761704516471637,0.0,48.0,12.730546704220528,15.424948670398354,16.09324682717665
4.4,0.0310678654100529,0.0,74.0,16.925897289386032,20.030118658386467,19.771847636080018
4.6,0.002282199760648,0.0,57.0,15.172270541544336,18.420680753952364,18.16308305323074
4.5,0.0087818544146451,0.0,52.0,16.468791324635582,18.420680753952364,19.43558446917932
4.6,0.1702321488233137,0.0,25.0,14.815827315096676,16.118095750958314,18.093363434633787
4.4,0.0498285959723696,0.0,37.094202898550726,13.91734305748553,16.118095750958314,17.412421536175362
4.6,0.3249999999999999,0.0,35.667878787878784,14.207681015878878,16.118095750958314,17.48465167285337
4.6,0.0336784023386116,0.0,93.0,13.601498933395,16.118095750958314,16.519498434770362
4.0,0.1988888888888889,0.0,97.0,11.409995326884111,13.815511557963774,15.170788832655376
4.6,0.07081548550701,0.0,83.0,13.52205853800169,15.424948670398354,16.52534527636294
4.4,0.0608809307012432,0.0,55.0,9.71727844901498,13.122365377402328,13.60040386972426
4.2,-0.0342558078495578,0.0,48.595373883928566,10.175345074640935,13.815511557963774,14.246171935666252
4.4,0.0310678654100529,0.0,74.0,16.92591833267578,20.030118658386467,19.771866067314384
4.5,0.0087818544146451,0.0,52.0,16.468885753132522,18.420680753952364,19.435667176483104
4.4,-0.0465576549242046,0.0,67.0,15.639914032932912,18.420680753952364,18.69593780477413
4.5,0.1901718795093795,0.0,46.0,11.911339103131624,16.118095750958314,15.492704555812523
4.6,0.0462373470976098,0.0,97.0,16.956932215329523,18.420680753952364,19.428880916590913
4.6,0.0400013694607723,0.0,98.0,17.619812240999813,18.420680753952364,20.00187928120738
4.4,0.0064078983392599,0.0,70.0,15.845553850628557,18.420680753952364,18.854878719665706
4.6,0.0492647370414427,0.0,7.8,11.000565331112286,15.424948670398354,14.877220467997851
4.3,0.07045600459865,0.0,11.0,14.074504534000152,18.420680753952364,17.844638875318505
4.6,0.0322247659173125,0.0,35.667878787878784,14.944953655064907,16.118095750958314,18.123764997345692
4.5,-0.0508342915337525,0.0,82.0,14.978091517936376,18.420680753952364,17.904817649614778
4.6,0.0010982920106865,0.0,35.667878787878784,15.233707089996225,17.72753358339242,18.375969839992436
4.6,0.0385172516570203,0.0,33.44475038109756,14.584961619333347,16.118095750958314,17.825181669343994
4.6,0.1030085622911709,0.0,41.906666666666666,13.135465172815936,16.118095750958314,16.493959075119825
4.5,0.0646231638812587,0.0,59.0,13.944993767742227,17.72753358339242,17.174118553449514
4.6,-0.000518077601411,0.0,74.0,16.106408319392507,18.420680753952364,18.8544124348781
4.4,0.2208605283605283,0.0,17.0,11.221181822163762,16.118095750958314,15.204679715201422
4.4,-0.0238742779136608,0.0,97.0,15.532347107674576,18.420680753952364,18.37848620320283
4.7,0.0678093017461953,0.0,50.32299668633901,14.244675265463156,17.72753358339242,17.302439157346242
4.4,0.1065154333126959,0.0,63.0,16.00423455194429,18.420680753952364,19.048342949063436
4.5,0.0764728617218388,0.0,53.0,15.515989550550492,18.420680753952364,18.59512939108443
4.3,0.1143449467589214,0.0,41.906666666666666,13.895773549065945,17.72753358339242,17.45857555528323
4.2,0.0766603713037169,0.0,33.0,14.2216421106156,18.420680753952364,17.909044412638586
4.5,0.2176940734746921,0.0,60.0,15.25792222171142,18.420680753952364,18.3200911485509
4.5,0.1169023559743807,0.0,70.0,12.902778486540148,16.118095750958314,16.180415146710256
4.6,0.0438963146592635,0.0,63.0,13.153199034023167,16.118095750958314,16.35082824983112
4.3,-0.3833333333333333,0.0,82.0,13.770154341043344,16.118095750958314,17.03822503412551
4.5,0.0807801950278802,0.0,50.32299668633901,14.199814676619972,17.72753358339242,17.46239213848511
4.5,0.1194444444444444,0.0,23.0,13.215926577582517,17.72753358339242,16.805294455824246
4.7,0.028953154691858,0.0,50.32299668633901,14.259972636248408,17.72753358339242,17.314956017414772
4.4,0.0223125676884839,0.0,54.0,14.13891275248974,16.118095750958314,17.47977405693978
4.5,0.1985978304385316,0.0,50.32299668633901,6.546785410760524,11.51293546492023,10.761989270509108
4.2,-0.0537089592096241,0.0,32.0,15.154922933184034,18.420680753952364,18.730979399203054
4.4,0.0404061948483241,0.0,61.0,11.56761249411991,13.815511557963774,15.175845310346528
4.5,0.0807381735588972,0.0,50.32299668633901,12.746255109397156,16.118095750958314,16.189258639291605
4.5,-0.0139273959065625,0.0,50.35714285714285,12.286961149263512,16.118095750958314,15.784573059640126
4.5,0.0403405182780182,0.0,66.0,12.778108131590685,16.118095750958314,16.09931609894095
4.3,0.3340090240641711,0.0,95.0,10.670256872966688,15.424948670398354,14.242428977145533
4.0,-0.0131410256410256,0.0,66.0,10.19054442959399,15.424948670398354,14.329104222957891
4.3,0.0222259179575396,0.0,75.0,14.581462004078825,17.72753358339242,17.810238125779495
4.2,0.0766603713037169,0.0,33.0,14.221390913178755,18.420680753952364,17.908824395764526
4.5,0.0087818544146451,0.0,52.0,16.4688655443533,18.420680753952364,19.435649476173385
4.5,0.1901718795093795,0.0,46.0,11.911641180418718,16.118095750958314,15.492969136937496
4.5,0.0479884559884559,0.0,41.0,10.203073491990732,15.424948670398354,14.030547669965728
4.5,0.0057144610790444,0.0,63.0,13.93368373972599,16.118095750958314,17.133042195904608
4.4,0.1065154333126959,0.0,63.0,16.004237801668747,18.420680753952364,19.048345795407034
4.3,0.2848484848484848,0.0,41.906666666666666,10.045160710852274,15.424948670398354,14.089799361891602
4.4,0.3065610651974289,0.0,20.0,10.64889505975716,16.118095750958314,14.68299908357312
4.7,0.1452136793214095,0.0,13.0,12.0520411252698,16.118095750958314,15.662097169697677
4.4,-0.0103838275086834,0.0,46.0,14.775121664805525,18.420680753952364,18.095936946289424
4.3,-0.0863146364708864,0.0,78.0,14.078351631817023,17.72753358339242,17.344739661406575
4.4,0.0130677538872691,0.0,49.0,14.568714669823116,18.420680753952364,17.893307775867935
4.4,-0.0238742779136608,0.0,97.0,15.532350520705474,18.420680753952364,18.378489192582016
4.6,0.3249999999999999,0.0,35.667878787878784,14.207676286745082,16.118095750958314,17.48464753073613
4.6,0.1651675905210568,0.0,46.81704545454545,14.827346351146844,18.420680753952364,17.940617889423514
4.6,-0.1833333333333333,0.0,33.0,11.741239625614655,16.118095750958314,15.33272749266185
4.2,0.1849305555555555,0.0,35.667878787878784,8.37930948405285,13.815511557963774,12.774465858876958
4.6,0.196290299612668,0.0,10.0,12.277830357985998,16.118095750958314,15.982869224067498
4.7,0.0678093017461953,0.0,50.32299668633901,14.244920031315896,17.72753358339242,17.30265354097401
4.2,0.1666471861471861,0.0,4.9,9.743612184572005,15.424948670398354,14.198484473574437
4.5,0.0807801950278802,0.0,50.32299668633901,14.199846679550626,17.72753358339242,17.462420168965245
4.4,0.0064078983392599,0.0,70.0,15.845552799989322,18.420680753952364,18.854877799439915
4.7,0.1441459131545338,0.0,24.0,10.79170797381519,16.118095750958314,14.476139871165294
4.4,0.3065610651974289,0.0,20.0,10.64889505975716,16.118095750958314,14.68299908357312
4.4,0.3950070346320346,0.0,51.0,9.453600226875215,15.424948670398354,13.406870584870473
4.3,0.1943595257082099,0.0,39.0,9.360396968182862,15.424948670398354,13.509659520546197
4.7,0.0424151475694444,0.0,23.0,9.46877384406884,13.815511557963774,13.322568538834362
4.2,0.0564261482064512,0.0,24.0,12.81957849618708,17.72753358339242,16.747682037157222
4.5,0.1572673611111111,0.0,15.0,9.344608992781216,13.815511557963774,13.475039943907653
4.5,0.0239227994227994,0.0,20.0,7.67368812926773,13.122365377402328,11.971209043210868
4.7,0.1441459131545338,0.0,24.0,10.79170797381519,16.118095750958314,14.476139871165294
3.9,0.1179166666666666,0.0,14.0,6.882437470997847,13.122365377402328,11.921910029914592
4.2,0.1786813446969696,0.0,49.0,11.59722984802226,16.118095750958314,15.49337529899305
4.4,0.1901718795093795,0.0,20.0,10.999496455334125,15.424948670398354,14.98744014870352
4.3,0.0794998427668992,0.0,19.0,9.38857023586688,15.424948670398354,13.680897042393472
4.6,0.2342905405405405,0.0,33.0,8.364042011922063,13.122365377402328,12.384209972253036
4.1,0.0436904761904761,0.0,85.0,11.13147469069291,16.118095750958314,14.913343890257579
4.5,0.1963147522522522,0.0,48.0,9.368796057668156,13.815511557963774,13.250984184416565
4.5,0.3677701727701727,0.0,43.98787878787879,10.507994757932805,16.118095750958314,14.282591172496584
4.0,0.0847327647151235,0.0,15.0,12.702657347005822,16.118095750958314,16.91199257855973
4.5,0.0581279222547604,0.0,51.0,13.182244193253911,16.118095750958314,16.565566999621623
4.5,0.3124580498866213,0.0,24.0,8.860924729719041,13.815511557963774,12.987790300152712
4.7,0.1986302882723337,0.0,38.92432432432432,15.655171066048242,18.420680753952364,18.625837433905893
4.5,-0.0088388979076479,0.0,69.07142857142857,13.162756479963576,16.118095750958314,16.41219511696586
4.5,0.1951851851851851,0.0,63.0,6.07073772800249,11.51293546492023,10.250404944220445
4.3,0.2063246669143246,0.0,30.23846153846154,11.32021412077622,15.424948670398354,15.291827446030805
4.6,0.3866666666666666,0.0,43.0,10.29000766547652,13.815511557963774,13.999983671443463
4.5,0.1083333333333332,0.0,45.0,9.864278839310847,15.424948670398354,13.705342582197009
4.2,-0.0974677711993888,0.0,91.0,9.3171298661577,13.815511557963774,13.17678083291665
4.6,0.2742688792688793,0.0,53.0,9.175024026848616,13.815511557963774,12.946266179568404
4.5,0.0535888178661616,0.0,40.13076923076923,11.616185776743016,13.815511557963774,15.274863693286715
3.8,0.0928071500439664,0.0,78.0,9.246382963323112,13.815511557963774,13.613993661242596
4.8,0.1689332257524221,0.0,63.0,9.4040963063958,11.51293546492023,12.87097946234903
4.7,0.1441459131545338,0.0,24.0,10.79347537598923,16.118095750958314,14.477687889753472
4.5,-0.0088388979076479,0.0,69.07142857142857,13.16284291329232,16.118095750958314,16.412270821523375
4.5,0.0760661764705882,0.0,42.0,8.313116702819253,11.51293546492023,12.36836562011166
4.5,0.0581279222547604,0.0,51.0,13.1823383764969,16.118095750958314,16.565649492114268
4.3,0.023667328042328,0.0,93.0,8.344742754417545,13.122365377402328,12.21345041422301
4.3,0.0762271768785567,0.0,91.0,13.06597290391681,16.118095750958314,16.364754467800754
4.3,0.0438083774216586,0.0,53.0,12.880538919430045,16.118095750958314,16.485020831100442
4.3,0.3340090240641711,0.0,95.0,10.67037299405789,15.424948670398354,14.242530684391511
4.2,0.1467222222222222,0.0,21.0,10.04589815801724,13.815511557963774,14.34271633594123
4.3,0.071099861395914,0.0,37.0,14.269256494203084,17.72753358339242,17.821313432931348
4.1,0.0232155344655344,0.0,16.0,7.973844375944687,13.815511557963774,12.661826667913775
4.1,0.0648346811367644,0.0,19.0,8.193676665955241,13.815511557963774,12.83294091521563
4.5,0.5,0.0,17.0,6.340359303727752,10.819798284210286,10.836561061011661
3.6,-0.0017880828486889,0.0,48.0,6.949856455000773,11.51293546492023,12.023085500711819
4.4,0.180236682925485,3.99,9.5,8.130647968160584,10.819798284210286,11.519094295027339
4.1,0.1907954545454545,0.0,69.07142857142857,10.997589685726352,16.118095750958314,14.91821702615643
3.9,0.1626129718234981,0.0,63.0,11.798991231903711,15.424948670398354,15.863736776845736
4.2,-0.052718386597063,0.0,15.0,10.855898040716642,15.424948670398354,15.092397573519277
4.7,0.1986302882723337,0.0,38.92432432432432,15.655170589434071,18.420680753952364,18.62583701645275
4.3,0.2189220865113722,0.0,59.0,13.178263444302187,16.118095750958314,16.705012705628935
4.0,0.2697382920110192,0.0,69.07142857142857,11.28562327850716,16.118095750958314,15.27176435976013
4.3,0.071099861395914,0.0,37.0,14.269260940901932,17.72753358339242,17.821317327671643
4.3,0.1825038580246913,0.0,91.0,10.83738241835864,15.424948670398354,14.415205336876134
4.1,0.2255163032858345,11.99,42.0,7.335633981927201,10.819798284210286,8.807261414490153
4.6,0.3636273107523107,9.99,19.0,5.981414211254481,6.90875477931522,7.816577064142852
4.8,0.2524710424710424,0.0,11.0,10.987984013368823,13.815511557963774,14.647994161683915
4.6,0.1894276710984748,0.0,37.0,11.199843529885715,13.815511557963774,14.837158435578043
4.2,0.4408625730994152,0.0,7.4,10.405292613081036,15.424948670398354,14.765608282689671
4.7,0.3884299217372133,0.0,19.42575805986148,9.834941010001018,13.815511557963774,13.677793675500725
3.5,0.154806166056166,0.0,23.0,5.525452939131784,11.51293546492023,11.064978125165418
2.7,-0.0628259925381636,0.0,24.0,7.88532923927319,13.122365377402328,13.915334943510045
4.2,0.2052214485250199,0.0,20.0,8.406708458240965,13.122365377402328,12.915781285106426
4.7,0.3181447736291486,0.0,26.0,10.050225108647712,13.815511557963774,13.81572701567331
4.7,0.3250549115005364,0.0,2.6,9.029897050194,13.122365377402328,13.09673284856926
3.5,0.1919080225330225,0.0,10.0,8.218247926685745,13.122365377402328,13.521323460596927
4.7,0.3105413694123483,0.0,14.0,11.378467929321909,13.815511557963774,15.06842613517233
4.5,0.1949207230562596,0.0,11.0,6.118097198041348,11.51293546492023,10.679715585420935
3.0,-0.0841847718253968,0.0,19.42575805986148,6.818924065275521,11.51293546492023,12.716505780311476
4.4,0.2473535788760147,0.0,19.42575805986148,9.672563813902956,13.815511557963774,13.830797040764693
3.6,0.0632123015873015,0.0,7.7,5.25227342804663,11.51293546492023,10.838267230409013
4.5,0.2265324499959916,0.0,16.0,11.186752013336475,13.815511557963774,15.082635278801177
4.7,0.4182767368626743,0.0,12.0,8.3707791729607,11.51293546492023,12.451436278577564
4.3,0.299594696969697,0.0,19.42575805986148,10.081215240319857,13.815511557963774,14.289384304914273
4.2,0.0825405137397324,0.0,5.9,7.466227556215481,11.51293546492023,12.194419544241644
4.5,0.3148148148148148,0.0,44.0,6.35088571671474,10.819798284210286,10.640202547675283
4.6,0.3179679035352112,0.0,19.42575805986148,9.651558649790164,11.51293546492023,13.615050700255697
4.3,0.3791468253968253,0.0,28.0,7.653969180478774,10.819798284210286,12.101281895422098
3.9,-0.1,0.0,6.4,5.60947179518496,10.819798284210286,10.858693625017573
4.2,0.2757949029581529,0.0,19.42575805986148,8.36730010184162,11.51293546492023,12.887148891864202
4.3,0.2991495606915014,0.0,19.42575805986148,8.32069157104845,11.51293546492023,12.747380307885635
2.6,-0.1232334869431643,0.0,24.0,6.208590026096629,11.51293546492023,12.544830229560944
4.0,0.4063640873015873,0.0,2.3,6.2766434893416445,11.51293546492023,11.385644666842863
3.7,0.0876832542457542,0.0,8.4,8.187855443695623,13.815511557963774,13.30532117061639
4.170222929936306,0.4408625730994152,0.0,2.4,2.3978952727983707,6.90875477931522,7.81906360717751
4.3,0.2209419009809634,0.0,86.0,4.820281565605037,9.210440366976515,9.183157537654726
4.7,0.3411391667641668,0.0,20.0,6.436150368369428,10.819798284210286,10.695531148179624
3.1,0.1380116288308252,0.0,4.2,5.537334267018537,10.819798284210286,11.613122735104493
4.1,-0.0059087159022024,0.0,16.97090038090796,18.1742469047682,20.72326583794641,21.588174380279657
4.3,-0.0009910877556351,0.0,16.97090038090796,15.968000403404687,20.030118658386467,19.45694498636533
4.2,-0.1064102421271538,0.0,1.5,10.0209594286763,13.815511557963774,14.46056779951681
4.2,0.3680555555555556,0.0,16.97090038090796,15.39059012475304,20.72326583794641,19.05905674761564
4.6,0.2407102347883598,0.0,5.3,12.324317796616995,15.424948670398354,16.059648603263305
4.8,0.0475896043515136,0.0,62.0,14.04588867657391,16.118095750958314,16.94130174974441
4.2,0.1336416983933725,0.0,16.97090038090796,8.466320861042481,13.815511557963774,12.988962101932167
3.6,-0.0517049645504235,0.0,2.8,9.48978863950086,16.118095750958314,14.583727862046743
4.5,0.2112030965815145,0.0,16.97090038090796,10.953382174406809,13.815511557963774,14.870643921433942
4.3,0.1485611214182642,0.0,16.97090038090796,15.145702976393755,18.420680753952364,18.740110939046097
4.5,0.2296042017396183,0.0,35.0,12.930539213513963,16.118095750958314,16.468330634081383
3.7,0.1251258069415964,0.0,2.7,11.835204597175863,15.424948670398354,16.543295600415895
3.9,0.1339525087181337,0.0,16.97090038090796,9.097955241381392,13.122365377402328,13.840626413920287
3.7,0.1972544893378226,0.0,4.1,8.355614995760183,11.51293546492023,13.486814426401008
4.2,0.2308502122877122,0.0,9.3,10.974077524630472,13.815511557963774,15.244854920869674
3.8,0.2070964856902356,0.0,16.97090038090796,9.875448095504884,13.815511557963774,14.622745969559677
4.0,0.3044229615625496,0.0,8.4,10.411810046084,13.815511557963774,14.959713201669324
4.3,0.3016666666666667,0.0,16.97090038090796,12.076664170559503,16.118095750958314,16.055499005523167
4.0,0.1011360479797979,0.0,22.0,11.860860325410933,16.118095750958314,16.122849435685897
4.6,0.0204472716887489,0.0,15.897717757251382,15.593273700659696,18.420680753952364,18.838796704047525
4.3,0.1899473422576101,0.0,42.0,13.720350066956025,18.420680753952364,17.305946363478387
4.6,0.3236720779220779,0.0,15.897717757251382,11.360461694843734,16.118095750958314,15.138274423161738
3.8,0.2330246913580247,0.0,15.0,10.697746234464486,16.118095750958314,15.358262184021221
4.3,0.2407589948858331,0.0,21.0,7.859026979751538,13.815511557963774,12.329954852070426
3.8,0.185942784067784,0.0,20.0,10.794111697661032,16.118095750958314,15.40430578608277
4.4,0.2915263605442177,0.0,15.897717757251382,15.60938778316333,18.420680753952364,19.058012431722776
4.1,0.2763801632395382,0.0,25.0,10.051390182459624,13.815511557963774,14.420110590767216
4.1,0.0712142148526076,0.0,15.897717757251382,9.37577006109992,13.815511557963774,13.89158652292981
4.1,0.1244438861403146,0.0,15.897717757251382,10.876101905463226,16.118095750958314,15.206893442165931
4.1,-0.0336435525083903,0.0,14.0,9.18008732880516,13.122365377402328,13.731968018737533
4.6,0.2749015305493963,0.0,15.897717757251382,14.130868593266294,17.72753358339242,17.56369040508585
4.5,0.2253870946305156,0.0,31.0,10.525514600592947,13.815511557963774,14.39157405316687
4.2,0.220267611176702,0.0,15.897717757251382,10.427002327418109,13.815511557963774,14.716238495608518
4.1,0.1720851370851371,0.0,7.3,8.881002624255569,13.122365377402328,13.52464734487691
4.6,0.0204472716887489,0.0,15.897717757251382,15.593267447055954,18.420680753952364,18.838791226689303
4.3,0.1899473422576101,0.0,42.0,13.720325870285484,18.420680753952364,17.30592517028517
4.3,0.3054831433998101,0.0,15.0,11.467101397583354,16.118095750958314,15.536386188922705
4.7,0.3035325727513227,0.0,22.0,12.110656960160332,16.118095750958314,15.64990413614253
4.0,0.0909598772626301,0.0,6.2,8.434463543817241,13.122365377402328,13.239374950251026
4.6,0.0204472716887489,0.0,15.897717757251382,15.593422254503515,18.420680753952364,18.838926818242786
3.8,0.2870084999924843,0.0,15.897717757251382,8.761080103868347,13.815511557963774,13.656519410157893
4.7,0.3035325727513227,0.0,22.0,12.11079446521386,16.118095750958314,15.650024573008546
4.8,0.4461811075370103,0.0,37.0,11.603688960617085,13.815511557963774,14.997750632445651
4.0,0.1639216068452763,0.0,36.0,9.959867885972235,13.122365377402328,14.3548301709177
4.5,0.1870211671841937,0.0,16.831950070730453,16.200463990713498,20.72326583794641,19.46690511692309
4.5,0.2233796296296296,0.0,9.7,10.570136741789844,15.424948670398354,14.589475307025637
4.7,0.1942810457516339,0.0,22.0,11.868044198641654,16.118095750958314,15.434927319784666
4.2,0.1478227994227993,0.0,16.831950070730453,13.726466206791384,17.72753358339242,17.59753577467243
4.5,0.4556862745098038,0.0,7.7,9.991590000757672,13.815511557963774,14.102930269581934
4.4,0.0825077072811448,0.0,16.831950070730453,15.47992498340075,18.420680753952364,18.932908859756395
4.3,0.0,0.0,8.7,10.813377845229256,15.424948670398354,15.003863938405715
4.4,0.3458771929824561,0.0,13.0,7.5310163320779155,13.122365377402328,12.00523628996475
4.4,0.3,0.0,53.0,14.965464673175564,18.420680753952364,18.217487353697134
4.2,0.0701157407407407,0.0,4.5,8.39185670010494,13.815511557963774,13.015312264447811
4.4,0.3400773809523809,0.0,26.0,10.885977925124486,16.118095750958314,14.846663628828752
4.4,0.2331099456099456,0.0,9.6,11.041673056323964,15.424948670398354,15.10292292944006
4.5,0.1870211671841937,0.0,16.831950070730453,16.2004623330333,20.72326583794641,19.46690366500694
4.3,0.1806828665161998,0.0,16.0,12.43699387216019,16.118095750958314,16.375597912759122
4.4,0.0825077072811448,0.0,16.831950070730453,15.479921197364073,18.420680753952364,18.932905543671783
4.4,0.3,0.0,53.0,14.965429524263712,18.420680753952364,18.217456567739248
4.4,0.4320949074074074,0.0,16.831950070730453,14.698507553405632,18.420680753952364,18.256419454068826
4.4,0.2013819051319051,0.0,16.831950070730453,15.030022628597736,18.420680753952364,18.54154922344541
3.9,0.311099537037037,0.0,11.0,11.769681726249368,16.118095750958314,16.229270489721905
4.5,0.1870211671841937,0.0,16.831950070730453,16.200509575842144,20.72326583794641,19.466945043674073
4.3,0.1546986687071012,0.0,1.5,13.043651284070751,16.118095750958314,17.014509242302477
4.2,0.7702690972222223,0.0,5.7,11.855933439904843,16.118095750958314,16.056338180426724
4.1,0.0768382352941176,0.0,1.9,10.80389277518006,13.815511557963774,15.246967555716108
4.1,0.3751584201388889,0.0,4.0,12.769267734404222,16.118095750958314,16.959491591075853
4.0,-0.0077905568307353,0.0,47.0,11.967225180704643,16.118095750958314,16.02708029959007
4.5,0.1532142857142857,0.0,16.831950070730453,12.950326353037717,16.118095750958314,16.6194325134355
4.1,0.3618589743589743,0.0,10.0,11.266270166070044,15.424948670398354,15.59800560905055
4.2,0.3380653936903937,0.0,44.0,12.279992028473496,16.118095750958314,16.13229625267189
4.4,0.2013819051319051,0.0,16.831950070730453,15.030021738032868,18.420680753952364,18.541548443424322
4.1,0.3751584201388889,0.0,4.0,12.769270581334734,16.118095750958314,16.9594940846234
4.6,0.0926399453720882,0.0,9.6,11.746716134028198,13.815511557963774,15.518312419582735
4.4,0.4320949074074074,0.0,16.831950070730453,14.69851706481881,18.420680753952364,18.25642778485206
4.2,0.1478227994227993,0.0,16.831950070730453,13.726589722755431,17.72753358339242,17.597643958882617
4.4,0.3,0.0,53.0,14.965497604368371,18.420680753952364,18.217516197216366
3.8,0.1157204208437761,0.0,12.0,12.029651646157175,16.118095750958314,16.54455462203521
4.4,0.2013819051319051,0.0,16.831950070730453,15.030039252329656,18.420680753952364,18.541563783711542
4.2,0.0814592086834733,0.0,24.0,12.192460418110311,16.118095750958314,16.198974714549248
4.1,0.2297032474606004,0.0,1.6,9.979475898535464,13.815511557963774,14.53058982605928
4.3,0.1673185826519159,0.0,9.8,7.497207223203318,11.51293546492023,12.094914383956485
4.2,0.0682582232582232,0.0,6.0,12.745223301047067,16.118095750958314,16.817075715258035
4.5,0.4050258891435362,0.0,6.5,11.587336962484038,15.424948670398354,15.50840133824677
4.5,0.3365783889313301,0.0,26.08599881169094,11.93676080243327,16.118095750958314,15.666819022809985
4.3,0.1629470509928256,0.0,26.08599881169094,11.418966372036843,15.424948670398354,15.408308174580622
4.2,0.1494003012753012,0.0,26.08599881169094,9.835155177159304,13.815511557963774,14.12025985182185
4.6,0.4320632947781385,0.0,17.0,11.937330082897788,16.118095750958314,15.637775718496114
4.0,0.0490445574162679,0.0,26.08599881169094,11.703578881883718,16.118095750958314,15.953434037458695
4.6,0.5265151515151515,0.0,10.0,7.591861714889934,11.51293546492023,11.88605225873663
4.3,0.1984480644741061,0.0,26.08599881169094,10.50482093382342,13.815511557963774,14.608439068830933
4.4,0.1769290584415584,0.0,35.0,12.356318568851645,15.424948670398354,16.063666837097713
4.4,0.4436382623224729,0.0,26.08599881169094,8.717190933223135,11.51293546492023,12.948791684831626
4.0,0.2685656756963575,0.0,27.0,10.683087620826273,13.815511557963774,15.057778195605431
4.1,-0.0257285353535353,0.0,88.0,9.864278839310847,13.815511557963774,13.779491833300021
4.5,0.1683002897862067,0.0,26.08599881169094,10.169805529234134,13.815511557963774,14.115373471847896
4.6,0.2046785506160506,0.0,26.08599881169094,10.52320345501019,13.815511557963774,14.326254976691539
4.3,0.3442488636363636,0.0,25.0,8.928507824313293,13.122365377402328,13.239198249023964
4.6,0.2726327684661018,0.0,26.08599881169094,9.48029117039765,13.815511557963774,13.414338952621836
4.0,-0.0784320502028835,0.0,61.0,9.31343832997975,13.815511557963774,13.596681683189932
4.1,0.3861793695887446,29.99,25.0,8.127995055771946,10.819798284210286,4.9684501123845175
4.6,0.28708349731077,0.0,57.0,10.29802652051074,13.815511557963774,13.900330197772044
4.5,0.2984002267573696,0.0,41.0,10.82013821962583,13.815511557963774,14.57669964789331
4.4,0.2998709786945081,0.0,4.6,11.061170314781226,13.815511557963774,15.158806812796726
3.5,0.042707547082547,0.0,23.0,10.823371819920414,13.815511557963774,15.702734838709905
4.3,0.1629470509928256,0.0,26.08599881169094,11.41898834209166,15.424948670398354,15.408327417542829
4.0,0.3132563003775125,0.0,82.0,10.271458456216711,15.424948670398354,14.288046753195768
4.6,0.5428597480561766,0.0,26.08599881169094,6.29156913955832,9.210440366976515,10.62755739607535
4.2,0.0682582232582232,0.0,6.0,12.745232049660048,16.118095750958314,16.817083377925716
4.6,0.4383116883116883,0.0,25.0,13.409828426308204,16.118095750958314,16.867970950124086
4.5,0.097012013936356,0.0,26.08599881169094,13.639687043092046,17.72753358339242,17.152928937683797
4.5,0.4212411580793934,0.0,8.1,7.987524479848767,11.51293546492023,12.343859869134072
4.2,0.1494003012753012,0.0,26.08599881169094,9.835208711782832,13.815511557963774,14.120306741315112
4.1,0.1037465277777777,0.0,14.0,11.825009863981029,16.118095750958314,16.051699886663762
4.4,0.1780442098098064,0.0,24.43365444032485,10.85957575428435,15.424948670398354,14.831544412991171
4.3,0.3170957792207792,0.0,58.0,11.077732840389077,13.815511557963774,14.874902192517393
4.5,0.0985586148309362,0.0,24.43365444032485,12.468906030712564,16.118095750958314,16.139833199341183
4.7,0.0205383759194734,0.0,24.43365444032485,14.420039070534171,18.420680753952364,17.64805540194924
4.4,0.2910943857207955,0.0,28.0,9.79138211875182,13.815511557963774,13.871909261817587
4.1,0.3,0.0,24.43365444032485,10.198840131292128,15.424948670398354,14.554017892434786
4.4,0.0973620561482168,0.0,24.43365444032485,12.792202382930206,16.118095750958314,16.522447767312556
4.0,0.7,0.0,7.6,10.427712996365136,15.424948670398354,14.988584880613809
4.3,0.0949020549208519,0.0,24.43365444032485,14.665086963352223,18.420680753952364,18.26227505537801
4.6,0.2726742875180375,0.0,42.0,13.529895680724753,16.118095750958314,16.84258358890488
3.6,0.0713009654292751,0.0,14.0,10.400102683833005,16.118095750958314,15.300303966588928
4.2,-0.5,0.0,24.43365444032485,14.571486987187544,20.72326583794641,18.266269936888968
3.9,-0.1036063011063011,0.0,37.0,11.498684542679886,16.118095750958314,15.788583597158407
4.1,0.1037465277777777,0.0,14.0,11.825061097051254,16.118095750958314,16.051744760290266
4.3,0.3909644059644059,0.0,24.43365444032485,13.038659977565704,16.118095750958314,16.844450665667832
3.1,0.2333333333333333,0.0,21.0,8.625688787569537,13.815511557963774,14.194989024345457
3.7,-0.0282842455163883,0.0,28.0,9.730086093116732,13.815511557963774,14.507302585626212
4.4,0.341024531024531,0.0,24.43365444032485,10.7268512626277,15.424948670398354,14.71899288784843
3.9,-0.0623398392794944,0.0,24.43365444032485,12.952288917815846,16.118095750958314,17.156416353070647
4.3,0.1966247294372294,0.0,24.43365444032485,12.054610016322204,16.118095750958314,15.97813882045391
3.7,0.1282596371882086,0.0,46.0,10.224157008939576,15.424948670398354,14.809346887979384
4.5,0.2231290426587301,0.0,24.43365444032485,13.552630360426203,17.72753358339242,17.091863930933663
4.7,0.0205383759194734,0.0,24.43365444032485,14.42003852420207,18.420680753952364,17.648054923432092
3.7,-0.0435933789156445,0.0,24.43365444032485,9.739850350946302,15.424948670398354,14.542106612393074
4.1,0.3394679300291545,0.0,26.0,6.059123195581797,11.51293546492023,10.917367706761059
4.3,0.5309259259259259,0.0,10.0,9.725257613645429,13.815511557963774,14.05316090185105
4.4,0.286751253132832,0.0,57.0,9.919065582499446,11.51293546492023,13.767352080351063
4.2,0.2051061636775922,0.0,51.0,10.155840330434325,13.815511557963774,14.216585005596997
4.2,0.1728223019670388,0.0,24.0,10.658364626228009,15.424948670398354,14.857375837280381
4.4,0.2903340980489418,0.0,24.43365444032485,8.843037724962368,13.815511557963774,13.067862597762595
4.4,0.1780442098098064,0.0,24.43365444032485,10.859556534418696,15.424948670398354,14.831527578843442
4.4,0.140565164002664,0.0,3.1,9.800346793616615,13.815511557963774,14.062059198851088
4.4,0.4068806306306306,0.0,19.0,10.77438334991989,15.424948670398354,14.802645527003572
4.4,0.2987896825396825,0.0,24.43365444032485,9.793449447327191,13.815511557963774,13.900493754038935
4.4,0.2472893726643726,0.0,24.43365444032485,11.031286405889189,13.815511557963774,14.98351225340186
4.3,0.1870294462481962,0.0,24.43365444032485,9.242226560838503,13.815511557963774,13.514632358943246
4.5,0.0985586148309362,0.0,24.43365444032485,12.468952161848014,16.118095750958314,16.139873604324396
4.4,0.3329540935468355,0.0,24.43365444032485,10.96082635588846,15.424948670398354,14.923742062470243
4.4,0.0973620561482168,0.0,24.43365444032485,12.792639121860462,16.118095750958314,16.522830294839196
4.1,0.1607853835978835,0.0,12.0,9.75283906619704,15.424948670398354,14.252953933785463
4.6,0.4795306122448979,0.0,24.43365444032485,12.481907313822576,16.118095750958314,16.060389878637803
4.1,0.1509645061728395,0.0,7.6,6.792344427470809,11.51293546492023,11.692532747130441
4.5,0.2267642642642642,0.0,24.43365444032485,8.875426919818963,13.815511557963774,12.995313532831805
4.5,0.3980736961451247,0.0,4.1,11.916548878199022,16.118095750958314,15.814491294206519
4.2,0.0892848124098123,0.0,8.5,8.81922185757494,13.815511557963774,13.360231005145867
4.7,0.3712767777565572,0.0,22.0,9.207536444643448,13.122365377402328,13.108678505020478
4.2,-0.5,0.0,24.43365444032485,14.571495439086146,20.72326583794641,18.26627733967274
4.4,0.2603594687476266,0.0,8.782016674440298,15.899130109592775,20.72326583794641,19.364154107294002
4.4,0.2141666666666666,0.0,8.782016674440298,15.563856831185095,20.030118658386467,19.0694493746024
4.5,0.2785210969585969,0.0,15.0,16.361799503245816,18.420680753952364,19.62395402343671
4.2,0.0963957382707382,0.0,8.782016674440298,10.270246481762213,18.420680753952364,14.629201230461863
4.1,-0.0876352028127596,0.0,8.782016674440298,11.246417627749851,18.420680753952364,15.579502051818263
4.6,0.0618328168044077,0.0,8.782016674440298,13.5134996496479,17.72753358339242,17.07119092983534
4.6,-0.0375,0.0,7.5,10.150074155576805,16.118095750958314,14.132567554525508
4.5,0.4977380952380952,0.0,8.782016674440298,10.437844138828485,16.118095750958314,14.486676006819462
4.6,0.1306823310132133,0.0,8.5,12.66218650702062,16.118095750958314,16.329214987714213
4.2,0.2146464646464646,0.0,7.6,11.753704591335753,16.118095750958314,15.940020233153962
4.1,0.0314881877381877,0.0,8.782016674440298,10.248884134178171,16.118095750958314,14.70849313075679
4.2,0.0645865156103643,0.0,8.782016674440298,14.435611663896156,20.030118658386467,18.276807386393646
3.9,0.1895487012987013,0.0,6.1,9.826282481627157,16.118095750958314,14.560888905103985
3.4,0.0246681547619047,0.0,8.782016674440298,9.742790491838836,16.118095750958314,14.961392800993496
3.4,-0.0435350576073232,0.0,8.782016674440298,10.130423902089031,16.118095750958314,15.299362567363074
3.8,-0.0340440115440115,0.0,1.3,8.600062669238532,16.118095750958314,13.617079048751938
3.8,0.2595636261261261,0.0,2.7,7.259116128097101,11.51293546492023,12.438801636900696
4.2,0.3410732909398732,0.0,16.0,11.682161782215529,16.118095750958314,15.817576217031476
4.0,0.1557617749897161,0.0,11.0,11.001666413954885,16.118095750958314,15.453586994827988
4.3,0.1746672829485329,0.0,8.782016674440298,11.650850939461357,15.424948670398354,15.740735070576527
4.5,0.3389572975023343,0.0,8.782016674440298,12.97056559401066,16.118095750958314,16.701413657767908
4.3,0.2497333333333333,0.0,8.782016674440298,11.621851616187406,16.118095750958314,15.717038687316798
4.2,0.1758333333333333,0.0,8.782016674440298,13.066649801635917,17.72753358339242,17.080295922798374
4.7,0.3840313430059524,0.0,8.782016674440298,11.65624628441445,16.118095750958314,15.352309762615729
4.4,0.55625,0.0,1.8,12.021957481183442,15.424948670398354,16.027034618511625
4.3,0.4404969980416409,0.0,8.782016674440298,13.3357296868846,17.72753358339242,17.222505606382907
4.4,0.4045251322751323,0.0,8.5,12.168692637239774,16.118095750958314,16.102141942883524
4.5,0.3741989087301587,0.0,8.782016674440298,11.011588019076546,15.424948670398354,14.986399150475002
4.7,0.4925714285714286,0.0,3.8,14.105040921273671,17.72753358339242,17.536761782160994
4.5,0.3726409253828608,0.0,11.0,11.908387374161066,15.424948670398354,15.75530293851473
4.6,0.1666666666666666,0.0,8.782016674440298,13.429720127790649,16.118095750958314,17.00018954844837
4.7,0.3525981620718463,0.0,11.0,11.936184648636653,15.424948670398354,15.580244205671193
4.8,0.0319727891156462,0.0,7.4,10.783363231708234,13.815511557963774,14.490619343588524
3.9,0.2458298171589311,0.0,5.3,9.42456426111574,13.815511557963774,14.216278824500295
4.4,0.2234497294372294,0.0,4.3,11.416766925410508,16.118095750958314,15.47076747323382
4.4,0.1130405436857049,0.0,3.3,10.096831472611818,13.815511557963774,14.319625677300635
4.1,0.3777699694311536,0.0,2.0,7.41336733569524,11.51293546492023,12.283382867813245
4.1,0.1216469611630901,0.0,9.6,11.392744556713843,15.424948670398354,15.706313735298341
4.3,0.1730872577819006,0.0,9.6,10.948153908874458,13.815511557963774,15.119125530454628
4.2,0.2176688508884801,0.0,10.0,9.857286533635412,13.815511557963774,14.261168674836842
4.2,0.22375,0.0,8.2,13.925614406212093,17.72753358339242,17.83806739424159
4.3,0.3136363636363636,0.0,9.9,10.592476097947214,13.815511557963774,14.808548871261662
4.2,0.0645865156103643,0.0,8.782016674440298,14.435608436550645,20.030118658386467,18.276804559651147
4.5,0.2239008620689655,0.0,8.782016674440298,15.340304978663491,18.420680753952364,18.774391977052794
4.3,0.2515586419753086,0.0,8.782016674440298,11.455592918322983,16.118095750958314,15.57145871900969
4.6,0.2400545230424798,0.0,8.782016674440298,14.943917219830412,18.420680753952364,18.32809806238682
4.4,0.2099395141895141,0.0,3.5,13.521469644199511,16.118095750958314,17.319878406544873
4.5,0.5681818181818181,0.0,21.0,7.45298232946546,11.51293546492023,11.78279032555318
4.7,0.2779282321290784,0.0,11.33328158386752,11.844090787657889,15.424948670398354,15.495401671858128
4.4,0.4902651515151515,0.0,12.0,10.398031343727837,15.424948670398354,14.527109972892505
4.6,0.2824789562289562,0.0,17.0,15.718032476101016,18.420680753952364,18.945793966998963
4.6,0.1793280022446689,0.0,3.8,8.933796043934858,13.122365377402328,13.099779303530513
4.6,0.3507882882882883,0.0,23.0,8.531884740159228,13.815511557963774,12.60844601873137
4.5,0.1083806400646678,0.0,14.0,9.657203308780277,13.815511557963774,13.755181737323117
4.3,0.1494191919191919,0.0,12.0,11.180092597802776,16.118095750958314,15.303837036262049
4.7,0.264431758056758,0.0,3.0,12.21837170111719,16.118095750958314,15.885070490709857
4.5,0.4390555555555556,0.0,14.0,15.57050956513787,18.420680753952364,18.941986154804987
4.3,0.0979656836219336,0.0,11.33328158386752,12.492761725127698,16.118095750958314,16.457372660305364
4.7,0.4643197278911565,0.0,38.0,8.755107121633896,13.815511557963774,12.59518534092706
4.3,0.5013784013605442,0.0,3.9,8.596743470174246,13.815511557963774,13.109552296075453
4.4,0.0763888888888888,0.0,9.8,10.691058156211511,16.118095750958314,14.7907812275937
4.3,0.1930357142857142,0.0,9.8,7.629003889652957,13.122365377402328,12.210934978200914
4.7,0.25675,0.0,27.0,9.400133943608838,13.122365377402328,13.237478692000039
4.1,0.2984558823529412,0.0,7.4,7.947678571301568,11.51293546492023,12.709296304896
4.2,0.1794183710515555,2.49,14.0,11.49160989375136,13.815511557963774,15.016841942010831
3.9,0.0134607007575757,0.0,14.0,10.128149949819608,13.815511557963774,14.762369443280864
4.3,0.1818178351985955,0.99,26.0,10.978797095634402,13.815511557963774,14.767366604427732
4.1,0.0333333333333333,0.0,1.9,11.039748806988994,13.815511557963774,15.45256015043624
4.2,0.2142135145323051,0.0,3.9,10.525085024255995,15.424948670398354,14.891492584748448
4.4,0.4722514455782313,0.0,5.1,12.593719955265364,16.118095750958314,16.501306861932814
4.3,0.2252503037199728,0.0,10.0,11.060761753852823,15.424948670398354,15.215955898505058
4.1,0.182932551319648,0.0,3.3,11.682330629830956,16.118095750958314,16.008332578883625
4.1,0.2475675681057625,0.0,0.8330078125,11.147901478859588,16.118095750958314,15.560107292107112
4.1,0.253524397462264,0.0,6.4,11.967155340099923,16.118095750958314,16.236283466265633
4.6,0.3419405881474847,0.0,11.33328158386752,14.686881745147325,18.420680753952364,18.08625140004616
4.1,0.390275974025974,0.0,3.5,10.484920743466072,15.424948670398354,14.962767584785034
4.2,0.3454586448904631,0.0,7.1,10.268373692146376,13.815511557963774,14.645757501889154
4.3,0.0979656836219336,0.0,11.33328158386752,12.492765478846223,16.118095750958314,16.457375948083403
4.4,0.2013448437034746,0.0,13.0,12.435663369093405,16.118095750958314,16.29780114108274
4.3,0.184986503080253,9.99,5.9,6.782192056006791,9.210440366976515,8.910033653061989
4.4,0.3061104347041847,0.0,11.33328158386752,14.767917959660734,18.420680753952364,18.355366560173117
4.2,0.4236590038314176,0.0,11.33328158386752,11.659395293868332,16.118095750958314,15.83431579190513
4.7,0.2800653358986692,0.0,12.89667116715604,13.193617423840584,16.118095750958314,16.6658027943623
4.3,0.145424762843449,0.0,12.89667116715604,14.919540809595004,18.420680753952364,18.57233774969942
4.4,0.2736637188208617,0.0,24.0,13.987912241774549,16.118095750958314,17.576971711703354
4.4,0.2316251724639882,0.0,12.89667116715604,12.340581685102144,16.118095750958314,16.21597948421985
4.2,0.1004104211760461,0.0,12.89667116715604,12.33031036040768,16.118095750958314,16.40295653329909
4.7,0.1833333333333333,0.0,12.89667116715604,12.56811167699302,17.72753358339242,16.115744702382294
4.4,0.1016744144357384,0.0,12.89667116715604,13.446582276143454,18.420680753952364,17.181746046936272
4.0,0.1152958152958153,0.0,2.3,7.664815785285735,15.424948670398354,12.59490169636402
4.5,0.1927914235522931,0.0,12.89667116715604,10.18716160359037,16.118095750958314,14.229501929959198
4.2,0.0889490139490139,0.0,12.89667116715604,9.510519035757246,16.118095750958314,13.932919380325638
4.4,0.2363305250579099,0.0,61.0,14.436791636116917,20.030118658386467,17.693325523921118
4.5,0.0291666666666666,0.0,1.6,10.047154902348542,16.118095750958314,14.18741601179957
3.9,-0.0376262626262626,0.0,12.89667116715604,8.846496938558838,16.118095750958314,13.646874920727212
4.2,0.0631639309764309,0.0,12.89667116715604,11.53714967519441,16.118095750958314,15.707403909759782
4.7,0.1630472817836099,0.0,7.2,9.868015803227877,15.424948670398354,13.792833180472764
4.6,0.083485365786798,0.0,12.89667116715604,14.213210259865363,18.420680753952364,17.65385072131588
3.1,0.0787479282869907,0.0,12.89667116715604,8.790725628263576,16.118095750958314,14.396470240380026
4.4,0.1388515211640211,0.0,1.5,13.265701526219235,17.72753358339242,17.10916190638823
4.5,0.1682022607022607,0.0,12.89667116715604,11.723291733364956,17.72753358339242,15.5743977916933
4.4,0.261371545464382,0.0,1.2,10.631494991732009,13.815511557963774,14.806951009312012
4.4,0.1428201362129933,0.0,4.3,8.701512750872865,13.122365377402328,13.090722021015313
4.5,0.240599394291146,0.0,12.89667116715604,12.607676977089168,16.118095750958314,16.35064907981225
4.4,0.4358370518370518,0.0,7.1,12.231701405163989,16.118095750958314,16.16848180699123
4.6,0.1707539682539683,0.0,12.89667116715604,11.207703802620411,13.815511557963774,15.023391108259087
4.3,0.1119917929292929,0.0,9.2,13.31987399416401,17.72753358339242,17.198046468784767
4.1,0.2595828157349896,0.0,0.703125,6.887552571664617,11.51293546492023,11.82982709471856
4.2,0.1173233849483849,0.0,12.89667116715604,12.534638710580287,16.118095750958314,16.582305844427765
4.3,0.145424762843449,0.0,12.89667116715604,14.91954346184932,18.420680753952364,18.572340072735482
4.2,0.9333333333333332,0.0,12.89667116715604,12.40724866783866,18.420680753952364,16.4892444814237
4.6,0.2868606750805411,0.0,12.89667116715604,14.69140337205159,18.420680753952364,18.077301597259908
4.6,0.083485365786798,0.0,12.89667116715604,14.213210931728897,18.420680753952364,17.65385130978253
4.5,0.240599394291146,0.0,12.89667116715604,12.607713784913848,16.118095750958314,16.35068131876591
4.0,0.3190705128205128,0.0,5.7,9.103423089630104,13.815511557963774,13.834203317643976
4.2,0.15,0.0,1.9,11.016019182793048,15.424948670398354,15.334947905388741
4.4,0.1682127041637911,0.0,12.89667116715604,11.802410910367104,15.424948670398354,15.743171726261021
4.6,0.2011411130229001,0.0,15.0,11.538544477587848,15.424948670398354,15.2981673738606
4.6,0.2841919813902572,0.0,12.89667116715604,12.49571529479459,15.424948670398354,16.154098699372227
4.4,0.2363305250579099,0.0,61.0,14.436791098861043,20.030118658386467,17.693325053353583
4.4,0.1298491985987103,0.0,4.1,9.834673236535767,13.815511557963774,14.084423242832319
4.0,0.2475370012870013,0.0,42.0,8.240121298076472,13.815511557963774,12.8056988192577
4.7,0.4325875840980008,0.0,21.0219512195122,10.44397876895787,13.815511557963774,14.20032993501617
4.4,0.4041456916099773,0.0,21.0219512195122,9.113168460223909,13.122365377402328,13.33249089838683
4.0,0.2623276643990929,0.0,24.0,6.142037405587356,11.51293546492023,11.102631743605906
4.2,0.3425348246524717,0.0,24.0,7.906915488678587,13.122365377402328,12.451308721740823
4.0,0.2277602521352521,0.0,37.0,8.115819701211327,13.815511557963774,12.733669645054874
4.4,0.2742230725623583,0.0,5.2,8.583729715216482,13.815511557963774,12.98382823951205
4.7,0.2796296296296296,0.0,28.0,5.513428746164983,11.51293546492023,9.826282093113731
4.4,0.2007233097577335,0.0,13.124006304824562,14.535009948829916,17.72753358339242,18.13562164635357
4.4,0.3651950628736343,0.0,21.0,9.640237896224932,13.815511557963774,13.79341630545518
4.3,0.4311827956989247,0.0,9.1,9.903937451316493,15.424948670398354,14.214110895991354
4.5,0.3159428857559437,0.0,13.124006304824562,14.1681787857255,17.72753358339242,17.71746343511163
3.9,0.0676248306201405,0.0,13.124006304824562,10.00581848363359,16.118095750958314,14.662985232242724
4.2,0.3460664073164073,0.0,5.3,9.821517989668877,13.815511557963774,14.267807850711286
4.3,0.3734767025089606,0.0,5.6,8.930361883909434,13.815511557963774,13.386177960966016
4.3,0.17875,0.0,2.9,7.347299700743164,13.815511557963774,12.015336755465775
4.5,0.1860153308635281,0.0,4.1,9.836278802842678,13.815511557963774,13.987628574160045
3.9,0.0183777761277761,0.0,3.0,8.156223323194624,16.118095750958314,13.117367315080543
4.2,0.0314988689966717,0.0,16.031243990384617,8.771835409789817,15.424948670398354,13.261244425807106
3.8,-0.0405373827561327,0.0,16.031243990384617,7.646831391430482,15.424948670398354,12.672151621117305
4.1,0.0315439954390847,0.0,16.031243990384617,10.730837775113637,16.118095750958314,15.076556739018816
3.9,0.2586257665945166,0.0,16.031243990384617,10.269379885524469,13.815511557963774,14.876482069047201
4.5,0.0216669859911486,0.0,12.697119140625,12.42889614563346,16.118095750958314,16.19058045315411
4.3,0.0951145857066909,0.0,12.697119140625,12.600753141535996,16.118095750958314,16.541722635611606
4.6,0.2715553215553216,0.0,11.0,10.299137987255902,13.815511557963774,14.244036862210542
4.0,0.0585173308128991,0.0,25.0,12.588204300305748,16.118095750958314,16.73656766662929
4.3,-0.0661458333333333,0.0,12.697119140625,13.762319674819771,17.72753358339242,17.555447421241446
4.4,0.2434258021390374,0.0,9.7,6.977281341630747,13.122365377402328,11.542523092508532
3.9,0.0939301432694289,0.0,13.0,13.684987208068092,20.72326583794641,17.886988944306413
4.7,0.2170459941293274,0.0,6.3,7.841492924460013,13.122365377402328,12.025795772428832
4.4,0.2337442607897153,0.0,9.8,7.992944547318106,13.815511557963774,12.431148828078243
4.4,0.385865003052503,0.0,12.697119140625,14.065504781825371,20.030118658386467,17.731780009801064
3.9,0.1124582652900175,0.0,12.697119140625,10.377296432622842,13.815511557963774,14.992553674264622
4.3,0.1957212569712569,0.0,13.0,11.783173951729472,15.424948670398354,15.825651539749419
4.4,0.3463034188034188,0.0,12.697119140625,11.349912295709045,13.815511557963774,15.352370112206351
4.2,0.1846397907647907,0.0,8.2,10.207473491694438,13.815511557963774,14.580563351722066
3.9,0.0427003148366784,0.0,12.697119140625,8.717027173294824,11.51293546492023,13.536786962803005
4.2,0.0547054473304473,0.0,27.0,11.029925751269287,16.118095750958314,15.157760604179847
4.3,0.5295,0.0,12.697119140625,8.212025804623437,11.51293546492023,12.707614596260917
4.0,-0.0424754848192348,0.0,35.0,9.85098299855398,13.815511557963774,14.262235948772826
4.5,0.1951159148207759,0.0,4.6,11.24737011439898,13.815511557963774,15.220041662147306
4.2,0.0984165507111935,0.0,14.0,10.055908165231354,13.815511557963774,14.402596386702143
4.3,0.0,0.0,23.0,10.070780070310322,13.815511557963774,14.246788281773753
4.1,0.0921819930910839,0.0,12.697119140625,11.042377687702809,15.424948670398354,15.375669021867537
3.9,0.0939301432694289,0.0,13.0,13.684996323422908,20.72326583794641,17.886996928193106
4.5,0.2280863229009162,0.0,12.697119140625,11.5432121575751,13.815511557963774,15.419518242963498
4.4,0.385865003052503,0.0,12.697119140625,14.06550556063035,20.030118658386467,17.73178069193476
4.3,0.2946407459333595,0.0,6.8,9.55470991405776,13.815511557963774,13.92228817943715
4.2,0.2781841981321148,0.0,16.614368127893517,10.001702600033084,13.815511557963774,14.339699381195219
4.3,0.2510749072356215,0.0,7.7,10.166428573724405,13.815511557963774,14.450374509145114
4.8,0.65,0.0,3.3,9.671933733861948,13.815511557963774,13.561752033605005
4.3,0.2724778825671683,0.0,29.0,11.065403224873476,15.424948670398354,15.079383640575575
4.6,0.3464880952380952,0.0,5.4,9.686263943732907,13.815511557963774,13.750704698655287
4.2,0.1004489750445632,0.0,8.5,10.055349901845377,13.815511557963774,14.443174630588047
4.5,0.3840313430059524,0.0,4.9,11.997423540366416,16.118095750958314,15.879041830758133
3.9,0.0082938629997453,0.0,11.0,8.221747728346623,13.815511557963774,13.114862466866592
3.7,0.2772727272727273,0.0,2.9,7.782807262839695,13.122365377402328,12.995873753144405
4.3,-0.0148988896693203,0.0,55.0,14.406292177952164,17.72753358339242,17.80513694514027
4.6,0.175294237012987,0.0,74.0,11.461526901884229,15.424948670398354,14.790078863881888
4.2,-0.0537089592096241,0.0,32.0,15.154612415475151,18.420680753952364,18.730707425346527
4.6,0.1395563554802685,0.0,15.0,9.234837843576573,13.815511557963774,13.279017153610265
3.9,0.3295922619047619,0.0,6.3,6.594413459749778,9.210440366976515,11.731870432453885
4.4,-0.0238742779136608,0.0,97.0,15.532161529038332,18.420680753952364,18.37832366001787
4.6,0.0883563101949729,0.0,74.0,12.481637854390716,16.118095750958314,15.681593074508372
4.8,0.0696302333854417,0.0,14.0,10.583574822507286,13.122365377402328,14.267259383248618
4.4,0.4676240079365079,0.0,5.7,5.1647859739235145,9.210440366976515,9.989929419721033
4.2,0.0565905604908209,0.0,11.657320462740383,13.9038309112039,17.72753358339242,17.789408815114598
3.8,0.2811435185185185,0.0,23.92133669969512,8.356554845453426,13.122365377402328,13.242230659586744
4.5,0.1901718795093795,0.0,50.0,10.68228476721217,15.424948670398354,14.386376398347656
4.3,0.145424762843449,0.0,12.89667116715604,14.918960791548107,18.420680753952364,18.57182972796489
4.4,0.2141666666666666,0.0,8.782016674440298,15.56326327922417,20.030118658386467,19.068929498887602
4.5,0.0044504107258209,0.0,92.0,15.942517108855702,18.420680753952364,18.676201955781334
4.4,0.0139051126856269,0.0,45.0,13.673855975675592,16.118095750958314,17.13937836601827
4.5,0.0342221583670175,0.0,15.1443601623062,13.57612074797166,16.118095750958314,17.17743512560763
4.3,0.1899473422576101,0.0,42.0,13.71957878501095,18.420680753952364,17.30527081899551
4.3,0.2977941730740238,0.0,12.89667116715604,11.949042628633384,16.118095750958314,15.974018115259689
4.3,0.2023680188124632,0.0,11.0,11.799577006607484,15.424948670398354,15.855086103685542
4.3,0.07045600459865,0.0,11.0,14.074248254376066,18.420680753952364,17.84441440709747
4.2,0.1196011954866121,0.0,24.0,11.885102626212218,16.118095750958314,15.930634019866583
4.6,0.0438963146592635,0.0,63.0,13.152390031351244,16.118095750958314,16.350119666808865
4.6,0.2669661834114958,0.0,91.0,10.805192426081865,13.122365377402328,14.090501336773382
3.4,-0.15,0.0,17.0,10.284181711652373,13.815511557963774,15.370326132799086
3.8,-0.0992506003333746,0.0,21.0,11.35935461700798,13.815511557963774,15.885456704789362
4.7,0.3620735148640422,0.0,13.253663862179488,14.707793802496148,18.420680753952364,17.991226181962418
4.6,0.18089609339033,0.0,81.0,11.829187705617622,15.424948670398354,15.060021220518372
4.1,-0.0059087159022024,0.0,16.97090038090796,18.17386174037728,20.72326583794641,21.58783702546285
3.8,0.2748487572309293,0.0,3.0,10.007487142554613,13.815511557963774,14.844132969035511
4.4,0.0825077072811448,0.0,16.831950070730453,15.478865280357436,18.420680753952364,18.931980695225935
4.5,0.0087818544146451,0.0,52.0,16.467689351972062,18.420680753952364,19.434619281859845
4.5,0.0195723487398422,0.0,94.0,16.123400256627068,18.420680753952364,18.82005886239254
4.6,0.3034726490755402,0.0,4.4,13.611288118074288,16.118095750958314,17.19500692664284
4.6,0.0400013694607723,0.0,98.0,17.619535082472865,18.420680753952364,20.0016365257339
4.6,0.0462373470976098,0.0,97.0,16.95643699264029,18.420680753952364,19.428447164760414
4.3,0.2768000669964955,0.0,1.8,10.010052342764158,13.815511557963774,14.357997076137323
4.4,0.0310678654100529,0.0,74.0,16.925439711263955,20.030118658386467,19.77144685608273
4.4,0.1065154333126959,0.0,63.0,16.00396927157798,18.420680753952364,19.048110597341704
4.3,0.1547945468509984,0.0,41.0,15.443073023849198,18.420680753952364,18.821492393607247
4.8,0.2241869168905806,0.0,9.7,14.766678352215456,17.72753358339242,17.966701923611474
4.5,0.2176940734746921,0.0,60.0,15.25770735006331,18.420680753952364,18.31990294842858
4.4,0.2363305250579099,0.0,61.0,14.436541243601162,20.030118658386467,17.693106212055135
4.6,-0.000518077601411,0.0,74.0,16.105362021320175,18.420680753952364,18.853496011390263
4.3,0.0079406596488457,0.0,66.0,13.971625022589055,17.72753358339242,17.342900092579743
4.4,0.1072400512719776,0.0,11.657320462740383,14.938847003440678,18.420680753952364,18.49814920873233
3.9,0.1532734140136483,0.0,58.0,9.274066062856727,13.815511557963774,13.68930476872239
4.2,0.0825176993840899,0.0,13.253663862179488,13.609902359739126,18.420680753952364,17.520647116676145
4.6,0.083485365786798,0.0,12.89667116715604,14.21313836785922,18.420680753952364,17.65378775309988
4.6,0.0204472716887489,0.0,15.897717757251382,15.59233505362392,18.420680753952364,18.837974569119517
4.4,0.2915263605442177,0.0,15.897717757251382,15.607868348162633,18.420680753952364,19.056681600710366
4.3,-0.0009910877556351,0.0,16.97090038090796,15.966803465075012,20.030118658386467,19.45589662125044
4.2,0.0272082492394992,0.0,35.667878787878784,14.32932710445827,17.72753358339242,17.982342543242943
4.2,0.3680555555555556,0.0,16.97090038090796,15.390020115878968,20.72326583794641,19.05855749263822
4.2,0.0645865156103643,0.0,8.782016674440298,14.433537022949723,20.030118658386467,18.27499026587855
4.5,0.0646231638812587,0.0,59.0,13.93667099488578,17.72753358339242,17.166828867334935
4.4,0.2603594687476266,0.0,8.782016674440298,15.897651453109187,20.72326583794641,19.362858993054726
4.0,0.2393547675414862,0.0,11.657320462740383,15.044994664053371,20.72326583794641,18.992020424015696
4.6,0.2841919813902572,0.0,12.89667116715604,12.495164973104576,15.424948670398354,16.153616687853777
4.2,0.0766603713037169,0.0,33.0,14.211468616955402,18.420680753952364,17.90013373145689
3.7,0.0244729564521231,0.0,14.0,10.643470607933104,16.118095750958314,15.412925212221317
4.3,0.2861184210526316,0.0,5.6,11.543115136133286,15.424948670398354,15.672633890333746
4.5,0.1194444444444444,0.0,23.0,13.213382545791472,17.72753358339242,16.80306620887553
4.4,0.0130677538872691,0.0,49.0,14.568202247817318,18.420680753952364,17.89285895963266
4.6,0.3179679035352112,0.0,19.42575805986148,9.651043915510366,11.51293546492023,13.614599858763704
4.3,0.3016666666666667,0.0,16.97090038090796,12.075531064675088,16.118095750958314,16.054506549478237
4.4,0.3061104347041847,0.0,11.33328158386752,14.767790248031105,18.420680753952364,18.355254701095713
4.6,0.002282199760648,0.0,57.0,15.171797413690417,18.420680753952364,18.162668653654226
4.4,-0.0103838275086834,0.0,46.0,14.774986824994633,18.420680753952364,18.095818843835577
4.2,0.0984165507111935,0.0,14.0,10.05586523295701,13.815511557963774,14.402558783512731
3.7,0.1618236431488311,0.0,12.697119140625,9.246672301223573,13.815511557963774,14.20234228144143
4.6,0.0125,0.0,6.1,14.633122843788948,17.72753358339242,18.07072195253609
4.3,0.1126389436774052,0.0,20.0,10.28643434921369,15.424948670398354,14.460604915969341
4.6,0.3236720779220779,0.0,15.897717757251382,11.359576130646548,16.118095750958314,15.137498782021082
4.0,0.2988800037411148,0.0,19.0,10.299205309189412,13.815511557963774,14.78190122291262
4.6,0.4320632947781385,0.0,17.0,11.935929201553744,16.118095750958314,15.636548725346357
4.4,0.0162333499833499,0.0,8.782016674440298,15.41116653431233,18.420680753952364,18.931220878671862
4.0,0.1011360479797979,0.0,22.0,11.860655522427155,16.118095750958314,16.122670054427655
4.0,-0.0235272791804636,0.0,51.49368421052631,13.091613406002404,16.118095750958314,16.978028099770626
4.3,0.2922668422777688,0.0,9.7,12.095922902029187,15.424948670398354,16.12638304657633
4.5,0.1870211671841937,0.0,16.831950070730453,16.199462066758944,20.72326583794641,19.466027559495373
4.6,0.4383116883116883,0.0,25.0,13.409415751637797,16.118095750958314,16.867609499815806
4.4,0.0223125676884839,0.0,54.0,14.138770900613256,16.118095750958314,17.479649812811996
4.5,0.1951159148207759,0.0,4.6,11.246574263220277,13.815511557963774,15.219344598153523
4.4,0.2007233097577335,0.0,13.124006304824562,14.534524295918008,17.72753358339242,18.13519627642584
4.2,0.1524792850378787,0.0,11.657320462740383,12.049728728983316,16.118095750958314,16.167627899066808
4.6,0.0336784023386116,0.0,93.0,13.60127223712058,16.118095750958314,16.519299877785528
4.2,0.115687486099574,0.0,18.0430166080298,12.76033986965099,18.420680753952364,16.74157071185926
4.4,0.3329540935468355,0.0,24.43365444032485,10.960531040115583,15.424948670398354,14.923483403568206
4.4,0.0808591664302891,0.0,91.0,14.058750026894186,16.118095750958314,17.134930140561615
4.3,-0.3833333333333333,0.0,82.0,13.770110391254924,16.118095750958314,17.038186539723718
4.2,0.2051061636775922,0.0,51.0,10.155296303064102,13.815511557963774,14.21610850709883
3.7,-0.0435933789156445,0.0,24.43365444032485,9.739438040529622,15.424948670398354,14.54174548112454
4.4,0.3,0.0,53.0,14.964969624679682,18.420680753952364,18.217053754437764
4.7,0.0678093017461953,0.0,50.32299668633901,14.244420020237524,17.72753358339242,17.302215595126153
4.6,0.3419405881474847,0.0,11.33328158386752,14.686845764036567,18.420680753952364,18.08621988518831
3.9,0.311099537037037,0.0,11.0,11.769650783501186,16.118095750958314,16.22924338782622
4.3,0.1383768774436858,0.0,11.657320462740383,16.36834349953415,18.420680753952364,19.85038750446904
4.7,0.4087426900584795,0.0,22.0561224489796,10.85019109081848,13.815511557963774,14.547865745149336
4.3,0.1485611214182642,0.0,16.97090038090796,15.145622851991986,18.420680753952364,18.740040760302897
3.8,-0.0556527117201929,0.0,32.0,11.382076186545236,16.118095750958314,15.824304988330107
4.7,0.3250549115005364,0.0,2.6,9.02977726819709,13.122365377402328,13.096627934837418
4.3,0.4063640873015873,0.0,2.0,3.8501476017100575,9.210440366976515,8.964155464381573
3.9,0.0134607007575757,0.0,14.0,10.128070068044591,13.815511557963774,14.762299477047712
4.3,0.1818178351985955,0.99,26.0,10.978745915505929,13.815511557963774,14.767321777171443
4.7,0.168856336043836,0.0,24.0,11.86575602873994,15.424948670398354,15.417429502887202
4.5,0.3268825522303783,0.0,39.0,11.08189636473079,13.815511557963774,14.821529406183394
4.5,0.097012013936356,0.0,26.08599881169094,13.639654852427933,17.72753358339242,17.152900742773127
4.4,0.4068806306306306,0.0,19.0,10.7743205614855,15.424948670398354,14.802590532353804
4.4,0.2316251724639882,0.0,12.89667116715604,12.340411212301976,16.118095750958314,16.215830171818112
4.4,0.3058902989260132,0.0,11.657320462740383,11.060007048702303,15.424948670398354,15.105288341903483
4.7,0.2700516800659658,0.0,18.0430166080298,13.468246902874853,16.118095750958314,16.867732522098606
4.6,0.2824789562289562,0.0,17.0,15.717744643516426,18.420680753952364,18.945541862414178
4.6,0.2400545230424798,0.0,8.782016674440298,14.943902012941498,18.420680753952364,18.328084743094216
4.4,0.55625,0.0,1.8,12.021933437809194,15.424948670398354,16.027013559586383
4.3,0.2063246669143246,0.0,30.23846153846154,11.320553572322773,15.424948670398354,15.29212476223397
4.5,0.3937034821903243,0.0,3.9,8.427706024914702,13.122365377402328,12.760103029314486
4.5,0.3055693342151675,0.0,13.0,9.704548689918736,13.122365377402328,13.808583025219761
4.4,0.4320949074074074,0.0,16.831950070730453,14.698519959578778,18.420680753952364,18.2564303202921
4.7,0.1942810457516339,0.0,22.0,11.868913172816324,16.118095750958314,15.435688430184324
4.3,0.2189220865113722,0.0,59.0,13.178588689373434,16.118095750958314,16.70529757877405
4.6,0.0761704516471637,0.0,48.0,12.732996986755898,15.424948670398354,16.095392961750182
4.2,0.4924897443826015,0.0,13.51456640625,10.153234085644872,13.815511557963774,14.500403909215725
4.3,0.3340090240641711,0.0,95.0,10.67106943758126,15.424948670398354,14.243140679974651
4.3,0.3306327561327561,0.0,21.0,12.49795090167586,16.118095750958314,16.395099088673504
4.4,0.3907407407407408,0.0,20.0,13.089391738053717,16.118095750958314,16.822472613333463
4.2,0.1004104211760461,0.0,12.89667116715604,12.330297112771827,16.118095750958314,16.40294493006195
4.2,-0.0342558078495578,0.0,48.595373883928566,10.17762835442124,13.815511557963774,14.248171797154395
4.7,0.1986302882723337,0.0,38.92432432432432,15.655677737283142,18.420680753952364,18.626281213200294
4.5,0.2296042017396183,0.0,35.0,12.930934070686178,16.118095750958314,16.468676478536732
4.3,0.0979656836219336,0.0,11.33328158386752,12.492885590399975,16.118095750958314,16.45748115046495
4.5,0.1169023559743807,0.0,70.0,12.903333851868997,16.118095750958314,16.180901575812197
3.6,0.1894097222222222,0.0,43.0,6.610696044717759,11.51293546492023,11.767654659941721
4.2,0.1965599297808238,0.0,66.0,11.131240358027329,13.815511557963774,14.958841228476928
4.4,0.180236682925485,3.99,9.5,8.130942302231878,10.819798284210286,11.519352094084162
4.5,0.2785210969585969,0.0,15.0,16.361811415714254,18.420680753952364,19.62396445723771
4.3,0.1772660982370803,0.0,4.7,13.94085603723518,16.118095750958314,17.77699128177566
4.3,0.0438083774216586,0.0,53.0,12.881106770663193,16.118095750958314,16.485518196259967
4.3,0.1629470509928256,0.0,26.08599881169094,11.419010311663804,15.424948670398354,15.408346660082277
4.5,0.2387310606060605,0.0,13.253663862179488,13.026761755134777,16.118095750958314,16.71500884205256
4.1,0.4041555349412492,0.0,18.0,12.20714706813144,16.118095750958314,16.363386319187864
4.3,0.071099861395914,0.0,37.0,14.26947816982396,17.72753358339242,17.821507592464872
4.3,0.0827339041606754,0.0,45.174731182795696,14.426569857575494,17.72753358339242,17.89839357917391
4.2,0.2477037637331754,0.0,18.0430166080298,10.113221596940404,13.815511557963774,14.426028745928367
4.3,0.0949020549208519,0.0,24.43365444032485,14.665276370450853,18.420680753952364,18.262440951807083
4.6,0.2749015305493963,0.0,15.897717757251382,14.131111496464,17.72753358339242,17.563903157265685
3.9,0.0939301432694289,0.0,13.0,13.685477040634892,20.72326583794641,17.887417975078037
4.8,0.0475896043515136,0.0,62.0,14.049859098263417,16.118095750958314,16.944779332078838
4.5,0.2088149162103866,0.0,16.831950070730453,12.31914236873796,16.118095750958314,16.067857583604656
4.8,0.3383518564768565,0.0,15.0,12.976553482981558,16.118095750958314,16.361842250396677
4.3,0.201457362082362,0.0,15.970010080645162,10.688484386725952,13.815511557963774,14.844821976386097
4.1,0.0195012685596567,0.0,15.1443601623062,8.964951211714654,13.122365377402328,13.536207088419236
4.6,0.0926399453720882,0.0,9.6,11.74672404927177,13.815511557963774,15.518319352325243
4.2,-0.1064102421271538,0.0,1.5,10.027959280046968,13.815511557963774,14.46669877536116
4.4,0.0064078983392599,0.0,71.0,15.845715504589238,18.420680753952364,18.847561927223797
4.6,0.1702321488233137,0.0,25.0,14.816849541157175,16.118095750958314,18.094258774113513
4.0,-0.0610827285459638,0.0,13.922886181382276,14.06221515505928,17.72753358339242,18.10751642027378
4.1,0.2034005359719645,0.0,13.922886181382276,9.854927361920751,13.815511557963774,14.328995604468773
4.5,0.0764728617218388,0.0,53.0,15.526442219741934,18.420680753952364,18.604284594377777
4.1,0.1907954545454545,0.0,69.07142857142857,10.998242410876934,16.118095750958314,14.918788730028314
4.4,0.2147809172809172,0.0,4.0,10.518186586766932,13.815511557963774,14.685766665532247
