rating,avg_sentiment_polarity,price,size_mb,log_reviews,revenue_proxy,predicted_revenue_proxy
3.9,0.1179166666666666,0.0,14.0,6.875232087276577,0.0,0.06355142820954174
4.4,0.2684828944203944,0.0,33.0,9.531843992903474,0.0,-0.03024312311817745
4.3,0.4126488095238095,0.0,39.0,12.17673136962806,0.0,-0.04712173375484141
4.1,0.2603703703703703,0.0,12.0,6.484635235635252,0.0,-0.018322244287707234
4.7,0.1718359526825084,0.0,25.0,9.91645313492615,0.0,-0.025470087163006916
4.1,0.2701515151515151,0.0,6.1,5.318119993844216,0.0,-0.032873149821052716
4.5,0.3609907670454546,0.0,11.0,8.524367395164237,0.0,-0.08478894654669134
4.2,0.0994526143790849,0.0,11.0,6.923628628138427,0.0,0.03483169890393689
4.1,0.2646154758654758,0.0,12.943396226415096,10.508895818788067,0.0,0.0197995042359973
4.7,0.2048395689349636,0.0,24.0,12.069863384901188,0.0,-0.016517836146791698
4.9,0.241125992063492,0.0,17.0,8.958668737047434,0.0,-0.08457481757981855
4.6,0.3085747474747474,0.0,2.4,7.796469243086058,0.0,-0.08333102766701195
4.9,0.2956603213254998,0.0,27.0,8.714567550836485,0.0,-0.10880110233314522
4.2,0.2877923040754261,0.0,16.0,12.513266861915456,0.0,0.018334948388420425
4.5,-0.1333333333333332,0.0,2.9,6.902742737158593,0.0,0.08709848164026296
4.3,0.2881385281385282,0.0,38.0,5.855071922202427,0.0,-0.06248860943079437
4.6,0.4135451680672268,0.0,20.036807291666666,9.500993027872797,0.0,-0.10824684917155969
4.6,0.4344380276492345,0.0,20.036807291666666,11.094177529405146,0.0,-0.10037777530308434
3.9,-0.0634218931475028,0.0,21.0,7.461640392208575,0.0,0.13712313378787855
4.6,0.4890251068376068,0.0,14.0,8.382518288089635,0.0,-0.14715736087369058
4.3,0.0991203703703703,0.0,25.0,9.056373008678756,0.0,0.04223763492229504
4.0,0.1999936618165784,0.0,13.795744680851064,11.64145939103446,0.0,0.06753399435877944
4.4,0.1531217345872518,0.0,24.0,7.732369222284388,0.0,-0.0033572984883858403
4.5,0.4306034482758621,0.0,8.2,6.161207321695077,0.0,-0.13418453537960562
4.2,0.0825176993840899,0.0,13.253663862179488,13.609815148633531,0.0,0.10716250489517437
4.5,0.115840791609706,0.0,13.253663862179488,12.41437054342788,0.0,0.04618556554882369
4.5,0.2387310606060605,0.0,13.253663862179488,13.025986829231304,0.0,0.005755665822907874
4.5,0.25,0.0,4.2,6.037870919922137,0.0,-0.06661751243078762
4.5,0.2777048112144266,0.0,13.253663862179488,12.221606370091424,0.0,-0.01694974770501645
4.6,0.2455511849261849,0.0,5.9,11.412762529570834,0.0,-0.024104913684853346
4.3,0.2093258302268718,0.0,17.0,9.770356079932933,0.0,0.008564510755802113
4.1,0.3425324877668627,0.0,37.0,11.360275325435731,0.0,-0.004087407582560765
4.4,0.354636544011544,0.0,6.8,7.904703913873747,0.0,-0.07584446204487971
4.3,0.2726303043825365,0.0,13.253663862179488,11.07463753349456,0.0,-0.0020265436832005435
4.2,0.1068702125420875,0.0,13.253663862179488,9.029178142902074,0.0,0.05260394312395722
4.4,0.3852300027300027,0.0,10.0,9.081256218564643,0.0,-0.07614736740142247
4.4,0.3404504504504504,0.0,6.1,10.844861064777746,0.0,-0.041289024150332754
4.4,0.3994312583967757,0.0,2.1,10.312479766420449,0.0,-0.06839703989487089
3.5,0.2426242236024844,0.0,42.0,5.056245805348308,0.0,0.04378041910745939
4.1,0.1968252349502349,0.0,13.922886181382276,12.291015634880166,0.0,0.06296870088396311
4.4,0.2478112203112203,0.0,13.922886181382276,11.170322473618691,0.0,-0.003949422664788704
4.5,0.3937034821903243,0.0,3.9,8.402679804627477,0.0,-0.0975287341660972
4.4,0.75,0.0,18.0,11.039283223998446,0.0,-0.1956873058256381
4.0,-0.0610827285459638,0.0,13.922886181382276,14.06173371435433,0.0,0.19023423652711502
4.2,0.3997373642439432,0.0,13.922886181382276,11.982135029029635,0.0,-0.02902224889947047
4.6,0.0279725829725829,0.0,3.2,12.148665965580626,0.0,0.06580102690751771
4.1,-0.0091103341103341,0.0,13.922886181382276,10.045681318239303,0.0,0.11863816263931731
4.1,0.2034005359719645,0.0,13.922886181382276,9.853456618930563,0.0,0.03635041168650949
4.4,0.2431606761294261,0.0,13.922886181382276,10.657094635464652,0.0,-0.007271100160577415
4.5,0.3108975283975284,0.0,14.0,11.54979726774608,0.0,-0.03624417844379857
4.3,0.1126389436774052,0.0,20.0,10.285820496587244,0.0,0.04988597993519417
4.1,0.0931260931528788,0.0,26.0,7.497207223203318,0.0,0.05330997777376362
3.8,-0.0284211068797534,0.0,20.0,8.677439540558334,0.0,0.14821704190197027
4.6,0.4138604413032766,0.0,48.0,8.333270353255308,0.0,-0.12323003929875287
4.3,0.2348603735237985,0.0,10.0,9.943477200752287,0.0,0.001446655534897645
4.1,0.1967294372294372,0.0,11.0,8.874867635688053,0.0,0.02953143429486521
4.5,0.4284453320802004,0.0,8.5,8.03268487596762,0.0,-0.11487658066224848
4.4,0.1035770248270248,0.0,28.0,11.596733383026631,0.0,0.053167030433564744
4.2,0.1070955125121791,0.0,46.0,7.415776975415394,0.0,0.032677578329018186
4.2,0.4924897443826015,0.0,13.51456640625,10.153156182789694,0.0,-0.08216504760980758
4.7,0.3004292929292929,0.0,7.8,8.187855443695623,0.0,-0.08919249097939486
4.3,0.0580159444143819,0.0,11.657320462740383,15.342506637123115,0.0,0.12159314083770179
4.0,0.2393547675414862,0.0,11.657320462740383,15.044931786743795,0.0,0.08659119284395878
4.4,0.1072400512719776,0.0,11.657320462740383,14.938824890072594,0.0,0.0867980250504955
4.3,0.0122487102300894,0.0,11.657320462740383,11.106504900559028,0.0,0.09696999981195165
4.3,0.358151337594697,0.0,6.6,12.17018118426252,0.0,-0.022744220931995573
3.9,0.0620025918195561,0.0,5.1,9.52507811645139,0.0,0.11198580609565112
4.4,0.2147809172809172,0.0,4.0,10.515451792270389,0.0,0.00323404373023517
4.2,0.1524792850378787,0.0,11.657320462740383,12.049605952480244,0.0,0.06544170038475594
4.4,0.3058902989260132,0.0,11.657320462740383,11.059487858312968,0.0,-0.026748084927264104
4.2,0.0732953987653694,0.0,11.657320462740383,13.56936830233666,0.0,0.11043914578976005
4.6,0.2856898148148148,0.0,11.657320462740383,14.549433971997454,0.0,-0.008915948704919852
3.7,0.0299755411255411,0.0,11.657320462740383,9.529666449762423,0.0,0.14772946085668215
4.3,0.3400470779220779,0.0,11.657320462740383,12.462871451524784,0.0,-0.013596040481730798
4.0,0.2393547675414862,0.0,11.657320462740383,15.044985598266612,0.0,0.08659172556188621
4.2,0.4666666666666666,0.0,14.0,11.32948328050757,0.0,-0.06080922725988669
4.4,0.2024882756132756,0.0,24.0,14.872085182930132,0.0,0.048650261011412455
4.5,0.1184400408619158,0.0,11.657320462740383,12.709154362498197,0.0,0.048309246478874635
4.3,0.1383768774436858,0.0,11.657320462740383,16.368298650720195,0.0,0.10135068768212263
4.4,0.2147809172809172,0.0,4.0,10.515804215181523,0.0,0.003237532611295779
4.2,0.1689682088744588,0.0,32.0,9.672878705110646,0.0,0.033272208478642484
4.4,0.1072400512719776,0.0,11.657320462740383,14.938854157660954,0.0,0.08679831479083722
4.6,0.0125,0.0,6.1,14.63304867163623,0.0,0.09590572732150182
4.3,0.1772660982370803,0.0,4.7,13.940822513374568,0.0,0.06343109061685281
4.2,0.4108145831994516,0.0,11.0,12.158005719760787,0.0,-0.03112593589394652
4.2,0.2713527987019366,0.0,2.7,11.737931281192244,0.0,0.018449183790322066
4.2,0.3370953282828283,0.0,10.0,11.561629911180267,0.0,-0.009026536289636677
4.1,0.0279725829725829,0.0,10.0,9.77166897791528,0.0,0.10236195082828564
4.4,0.3907407407407408,0.0,20.0,13.088943089213142,0.0,-0.039738465255032884
4.0,0.2178146258503401,0.0,11.657320462740383,11.00723662530939,0.0,0.05476703924010229
4.5,0.1241623376623376,0.0,11.657320462740383,13.033059921061168,0.0,0.04935128694520474
4.4,-0.0416666666666666,0.0,11.0,11.449197282086578,0.0,0.10865517196476515
4.3,0.0653009259259259,0.0,11.657320462740383,9.607370001263243,0.0,0.06206137763033792
4.0,0.35,0.0,0.115234375,9.158941808890182,0.0,-0.01216753835374218
4.3,0.0580159444143819,0.0,11.657320462740383,15.342541169275972,0.0,0.12159348269565218
4.1,0.215,0.0,7.3,9.947600127154448,0.0,0.03367725686975459
4.2,0.0675195892751039,0.0,0.6787109375,11.730831323488175,0.0,0.09572006506985281
4.0,0.2393547675414862,0.0,11.657320462740383,15.04500899367772,0.0,0.08659195716943535
4.1,0.0331751253132831,0.0,56.0,7.846589975291186,0.0,0.07590145698581419
4.2,0.170452248368915,0.0,12.0,8.959311617172437,0.0,0.02800973767757181
4.4,0.131246684996685,0.0,29.0,9.444067716830038,0.0,0.021271756436538336
4.0,0.2879371370442799,0.0,40.0,10.796427770802032,0.0,0.022806748102953578
4.4,0.2503846153846153,0.0,3.1,12.057926402935522,0.0,0.005142888200857398
3.9,0.2727557740554899,0.0,5.0,9.2314166975781,0.0,0.029370543482848288
4.4,0.3019262941919192,0.0,27.0,6.504288173536645,0.0,-0.07215648856449464
3.3,0.143754714775754,0.0,21.0,7.05444965813294,0.0,0.12780010700636596
4.1,0.3076776351954923,0.0,24.0,7.63433723562832,0.0,-0.02625287050557179
3.9,0.2820344717011384,0.0,31.0,7.404887575616125,0.0,0.004706794239152434
4.0,0.0423058712121212,0.0,15.82594145014045,10.650057009592066,0.0,0.11712683917606015
3.4,0.1703722127653048,0.0,8.0,7.600902459542082,0.0,0.11249819914998332
4.2,0.2924706625074272,0.0,5.9,10.023268590855183,0.0,-0.006891625017727776
4.1,0.118689428064428,0.0,7.9,11.489503295025736,0.0,0.08530137434073948
4.6,0.3879629629629629,0.0,13.0,9.476313501265748,0.0,-0.09798299983703729
3.9,0.0980260328993856,0.0,13.0,9.07371849443322,0.0,0.09295780380263086
4.4,-0.0727183450668299,0.0,7.2,10.4690002054518,0.0,0.11114615179068094
4.1,-0.0342955192955192,0.0,15.82594145014045,6.716594773520978,0.0,0.09498295854052058
4.3,0.1380524855853803,0.0,15.82594145014045,11.816128954578758,0.0,0.05591575943829752
4.1,0.1792936686686686,0.0,41.0,7.70210434005105,0.0,0.020972240635155237
3.5,0.1269117330480966,0.0,2.8,5.488937726156687,0.0,0.09646502647436361
4.2,0.2319198256698256,0.0,20.0,11.066435216709133,0.0,0.024673587029226784
4.3,0.3814362108479756,0.0,13.0,7.796057974316123,0.0,-0.07561066569365638
4.0,0.1741083044249896,0.0,27.0,6.6052979209482015,0.0,0.02590888102195804
4.1,0.0550287081339712,0.0,15.0,8.507950610049305,0.0,0.07902646829722143
3.9,0.2820344717011384,0.0,31.0,7.406103381237015,0.0,0.0047188303499445805
4.0,0.3851602217227217,0.0,32.0,5.823045895483019,0.0,-0.06225884325705666
4.6,0.3879629629629629,0.0,13.0,9.47654341275084,0.0,-0.09798072378232969
4.1,0.2116754639914179,0.0,44.0,6.828712071641684,0.0,-0.00027733073002533803
4.4,0.3066502396413111,0.0,28.0,5.293304824724492,0.0,-0.0860498985534841
4.3,0.1380524855853803,0.0,15.82594145014045,11.816143723445986,0.0,0.05591590564565102
4.2,0.2924706625074272,0.0,5.9,10.023312945604475,0.0,-0.006891185919020382
3.9,0.0980260328993856,0.0,13.0,9.07383312732152,0.0,0.09295893863382454
4.4,0.1894334795321637,0.0,27.0,5.389071729816501,0.0,-0.04064504101896538
4.4,-0.0727183450668299,0.0,7.2,10.468971801605916,0.0,0.11114587060113046
4.2,-0.1394560185185185,0.0,21.0,12.404722664436235,0.0,0.17828144689149528
3.9,0.0818653221481747,0.0,15.82594145014045,7.3632795869630385,0.0,0.08180407162248826
4.1,0.0550287081339712,0.0,15.0,8.508152446764088,0.0,0.07902846642012801
4.1,0.0331751253132831,0.0,56.0,7.848153086199526,0.0,0.07591693131472815
4.0,0.0423058712121212,0.0,15.82594145014045,10.650128105536073,0.0,0.1171275430045704
4.4,0.131246684996685,0.0,29.0,9.444146871458646,0.0,0.02127254004360779
4.4,0.2802671702652353,0.0,8.1,10.635999666618329,0.0,-0.020827940624208563
4.3,0.3814362108479756,0.0,13.0,7.797291273547472,0.0,-0.07559845640137053
4.7,-0.1,0.0,4.5,5.068904202220232,0.0,0.03178790048149882
4.1,0.118689428064428,0.0,7.9,11.489656838030877,0.0,0.08530289437041322
4.7,0.1986302882723337,0.0,38.92432432432432,15.65445970491714,0.0,0.019554028857228123
4.3,0.3306327561327561,0.0,21.0,12.494812907901462,0.0,-0.010822580139140725
4.0,0.39528393175452,0.0,7.4,6.7912214627261855,0.0,-0.05359713885984463
3.8,0.2208048804012345,0.0,25.0,10.22459231202622,0.0,0.06866992648595543
4.7,0.1351686507936507,0.0,27.0,12.447134697346728,0.0,0.013216448863308083
4.5,0.2554974071067821,0.0,13.906069742838543,10.625853671765292,0.0,-0.024424084990183337
4.1,0.5309259259259259,0.0,1.9,5.883322388488279,0.0,-0.12542263583357216
4.3,0.1964510494328202,0.0,1.8,9.384713758920965,0.0,0.011412676251173925
4.3,0.2768000669964955,0.0,1.8,10.010187171195184,0.0,-0.01278830375698925
4.2,0.2688999236058059,0.0,29.0,5.484796933490655,0.0,-0.04563446554591022
4.0,0.4086946386946387,0.0,2.3,5.62040086571715,0.0,-0.06965811091287943
4.5,0.2620552874979958,0.0,13.906069742838543,9.531843992903474,0.0,-0.03773504937785965
4.4,0.4127359971240179,0.0,13.906069742838543,7.478734825567875,0.0,-0.10287781960163467
4.4,0.3880157126823793,0.0,13.906069742838543,8.285008895449879,0.0,-0.08554520433877577
4.7,0.1986302882723337,0.0,38.92432432432432,15.654552388531515,0.0,0.019554946397196682
4.3,0.3306327561327561,0.0,21.0,12.494764208275129,0.0,-0.010823062250827076
4.4,0.3093640734265734,0.0,11.0,10.911427224594425,0.0,-0.029450175697924852
4.3,1.0,0.0,5.2,9.692519577152051,0.0,-0.28989386917925664
4.0,-0.0088107799938157,0.0,15.0,6.728628613084702,0.0,0.0977389452923153
4.0,0.2775236133048633,0.0,1.2,7.834392302910435,0.0,0.002006716871221448
4.1,0.4041555349412492,0.0,18.0,12.20636760202623,0.0,-0.016776168546128067
4.4,0.2023263888888888,0.0,41.0,11.34225576091672,0.0,0.011758707386952838
4.5,0.125,0.0,13.906069742838543,10.664970722216369,0.0,0.025325370666141267
3.5,0.0737730587730587,0.0,7.3,7.24850407237061,0.0,0.13345287420439345
4.4,0.2023263888888888,0.0,41.0,11.342279482613773,0.0,0.011758942224634916
4.3,0.0381778261730828,0.0,15.1443601623062,15.401812280952862,0.0,0.12927226383303936
4.3,0.2861184210526316,0.0,5.6,11.543250963516297,0.0,-0.001585178544375454
3.9,0.023143659003034,0.0,15.1443601623062,10.4609295509307,0.0,0.13476257801894997
3.4,-0.0285198337542087,0.0,15.1443601623062,11.378078922200462,0.0,0.22428031268945425
4.2,0.4611111111111111,0.0,24.0,12.92801134375286,0.0,-0.044064316134832415
4.1,0.0701554067460317,0.0,39.0,9.99277966001489,0.0,0.08516839326713843
4.6,0.1386347481883196,0.0,15.1443601623062,12.403890183698229,0.0,0.025057162331339422
4.3,0.0886444283157262,0.0,12.0,7.321188556739479,0.0,0.030558420454157076
4.3,0.1356944444444444,0.0,72.0,10.704389879336146,0.0,0.03916491076709716
4.1,0.0195012685596567,0.0,15.1443601623062,8.963672275615016,0.0,0.09695959989237757
4.1,0.364018944018944,0.0,16.0,6.941190055068375,0.0,-0.05348140106218624
4.2,0.2735714285714286,0.0,9.6,7.8009820712577405,0.0,-0.022179885093409735
3.7,0.1775100333694083,0.0,15.1443601623062,12.644543682141071,0.0,0.12234712930250613
3.0,0.0860583905828471,0.0,23.0,6.202535517187923,0.0,0.177491977837048
4.1,0.2456474868282614,0.0,20.0,10.415951832970627,0.0,0.025220523473235557
3.9,0.0543292977141514,0.0,15.1443601623062,11.016035618942716,0.0,0.12846161982378124
4.0,0.2988800037411148,0.0,19.0,10.299137987255902,0.0,0.01622559218173747
4.2,0.0510880756974506,0.0,19.0,9.602922854253334,0.0,0.07870518025388595
3.9,0.1714237662868177,0.0,19.0,10.015878298115156,0.0,0.0738124351146886
3.7,0.1775100333694083,0.0,15.1443601623062,12.644637205940528,0.0,0.12234805516005487
4.5,0.3055693342151675,0.0,13.0,9.703388915639492,0.0,-0.0523894644653663
3.8,-0.0556527117201929,0.0,32.0,11.381950801127395,0.0,0.1838737817734824
3.7,0.2139840252340252,0.0,44.0,12.194885299889595,0.0,0.1006896494470032
4.5,0.1610472318136008,0.0,43.0,7.362645270417825,0.0,-0.0244393838412732
3.9,0.15368272005772,0.0,15.1443601623062,9.204523486654615,0.0,0.072946570320511
4.5,0.0342221583670175,0.0,15.1443601623062,13.57620967717518,0.0,0.08833726640671613
4.0,0.5028597402597402,0.0,9.5,8.23827262463303,0.0,-0.08021171917629011
4.2,0.1261752136752136,0.0,2.8,6.699500340161678,0.0,0.02347357642172626
4.4,0.3333333333333333,0.0,8.9,6.142037405587356,0.0,-0.08548425011958305
4.5,0.3797400972400972,0.0,24.0,9.082620630373812,0.0,-0.08789050617783811
4.5,0.5492664141414141,0.0,13.963617050438597,7.577633832602728,0.0,-0.16572899433105837
3.6,0.1500614478114477,0.0,42.0,10.864885484309047,0.0,0.12411800921736688
4.0,0.004322019211725,0.0,10.0,10.788205054571176,0.0,0.1335506413222366
4.2,0.5061821338383838,0.0,18.0430166080298,10.511811868655796,0.0,-0.08432880738742365
4.0,-0.0148600319433652,0.0,42.0,9.398809659356372,0.0,0.1232711087154098
4.1,0.116998667998668,0.0,65.0,11.622971984143769,0.0,0.08051590250667168
4.7,0.2700516800659658,0.0,18.0430166080298,13.46779818705094,0.0,-0.02664215078260379
4.5,0.3268825522303783,0.0,39.0,11.08152697483556,0.0,-0.04988017190913008
4.0,0.0270824408519721,0.0,18.0430166080298,10.146786610053905,0.0,0.11764111251256848
4.2,0.115687486099574,0.0,18.0430166080298,12.759495008025844,0.0,0.0856318627994731
4.8,0.2839285714285714,0.0,21.0,9.417760962825156,0.0,-0.08451394892149633
4.5,0.2367982904441237,0.0,22.0,9.010547069270189,0.0,-0.034298262350619835
4.3,0.0466666666666666,0.0,18.0430166080298,10.73548321491488,0.0,0.07952352665431195
4.4,0.2275061894870362,0.0,27.0,9.979105098994715,0.0,-0.009606547043686131
4.6,0.1705043708304578,0.0,46.0,10.0489289881863,0.0,-0.013956884249673673
4.6,0.2642297979797979,0.0,3.8,11.15587902346339,0.0,-0.03346527918561182
4.6,0.2394542938786359,0.0,8.4,10.188215265161473,0.0,-0.03421671511857971
4.7,0.2700516800659658,0.0,18.0430166080298,13.467799602874896,0.0,-0.026642136766371505
4.3,0.0886673857940305,0.0,11.0,10.133288891514404,0.0,0.05850683518359895
4.5,0.1597274053560818,0.0,7.4,9.897016661405816,0.0,0.0053554857939498435
4.2,0.2477037637331754,0.0,18.0430166080298,10.112451040276504,0.0,0.009490182297980931
4.1,-0.0233527236652236,0.0,18.0430166080298,8.112227958349724,0.0,0.10439811886214606
3.9,0.1532734140136483,0.0,58.0,9.274159884689135,0.0,0.06872741305783425
3.7,0.0888267410693881,0.0,18.0430166080298,7.861341795599989,0.0,0.10819791036837884
4.3,0.0466666666666666,0.0,18.0430166080298,10.735592003983864,0.0,0.07952460363344804
4.3,0.3272583733540765,0.0,21.0,6.530877627725885,0.0,-0.0685873489408404
4.4,0.1432521976325992,0.0,11.0,8.237743803890933,0.0,0.006914969101110113
4.1,0.0131790547415547,0.0,38.0,9.628590074443766,0.0,0.10323316306717822
4.4,0.0391008283968054,0.0,12.0,8.691314551644853,0.0,0.050683538086163105
4.3,0.2055902244649166,0.0,50.0,8.683724062303869,0.0,-0.004678707654748537
4.3,0.353454576824142,0.0,23.0,9.590692779269272,0.0,-0.04844142365930493
4.1,0.2521709155042488,0.0,45.0,7.972121128921655,0.0,-0.004393963420175728
4.2,0.115687486099574,0.0,18.0430166080298,12.759598498828192,0.0,0.08563288732735946
4.7,0.3880928287981859,0.0,12.0,8.098946748943339,0.0,-0.1237286705409304
4.4,0.1800268291975881,0.0,53.0,12.739904582834368,0.0,0.032612296094751025
4.6,-0.0416666666666666,0.0,68.0,11.384546490100442,0.0,0.07692228311747196
4.3,0.1756663259579926,0.0,32.0,10.115772360515464,0.0,0.022943900543208162
4.0,-0.0387306547619047,0.0,46.0,11.268392277727548,0.0,0.15033616783010667
4.6,0.0481659967017109,0.0,32.0,14.13363696279013,0.0,0.07441054494414379
4.2,0.1114486703772417,0.0,18.0430166080298,12.247521643442711,0.0,0.08216686299012882
4.1,0.0179280039983164,0.0,24.0,8.85352256068954,0.0,0.09541796976158906
4.7,0.2847770467836257,0.0,8.9,7.903965634032166,0.0,-0.08621222933635975
3.8,0.0465277777777778,0.0,8.4,8.108021221376747,0.0,0.11560018861561527
4.2,0.1965599297808238,0.0,66.0,11.128791227563893,0.0,0.033231331913679774
4.5,0.1227393293840662,0.0,35.0,11.957258659963776,0.0,0.03648152720458808
4.7,0.2269709093598896,0.0,22.0561224489796,13.84791579071295,0.0,-0.00705742805777132
3.7,0.1894097222222222,0.0,43.0,6.595780513961311,0.0,0.0546738662688222
4.0,0.4033939116439117,0.0,17.0,6.982862751468942,0.0,-0.05590187750602038
4.1,0.565437038093288,0.0,22.0561224489796,10.748067436856283,0.0,-0.09269879232697198
4.1,0.445762473876698,0.0,7.2,5.631211781821365,0.0,-0.09633054955045062
4.5,0.2729995443153338,0.0,22.0561224489796,11.03298462478526,0.0,-0.027976926540280278
4.5,0.2574367684784351,0.0,8.2,11.787294308359884,0.0,-0.012985590065573427
4.3,0.3282224025974026,0.0,76.0,10.373084849239977,0.0,-0.03741351473040877
4.1,0.2002786796536796,0.0,22.0561224489796,13.089759603939749,0.0,0.06860878387280323
4.3,0.1716105214230214,0.0,22.0561224489796,10.59955546360705,0.0,0.03044222642466854
4.7,0.4087426900584795,0.0,22.0561224489796,10.849686540148948,0.0,-0.10549635295686777
4.6,0.3832653026403026,0.0,25.0,8.947806093057054,0.0,-0.10285590922316556
4.2,0.2173747808904058,0.0,8.5,8.231109840328154,0.0,0.003465270566163081
4.5,0.0724071030242905,0.0,22.0561224489796,11.556990196132327,0.0,0.05308706691633225
4.8,0.3383518564768565,0.0,15.0,12.967245229730942,0.0,-0.06925248434273013
4.8,0.3335368733928641,0.0,21.642819010416662,13.062691926176443,0.0,-0.06727110969027872
4.8,0.5043875,0.0,15.0,9.449829601826478,0.0,-0.16687881604736787
4.5,0.1752690095398428,0.0,9.4,6.561030665896573,0.0,-0.03378487104167538
3.9,0.2455546536796536,0.0,21.642819010416662,12.786661244177363,0.0,0.07288921089766476
4.5,0.3376529431216931,0.0,4.0,9.117896081584902,0.0,-0.06925833426335604
4.7,0.2174188233400472,0.0,6.9,7.636269603379373,0.0,-0.06314698572546829
4.7,0.3480287178805847,0.0,11.0,10.82566094756844,0.0,-0.0814621387650254
3.9,0.1548099296536796,0.0,21.642819010416662,12.355156223538698,0.0,0.10294272036394148
4.2,0.2922753227440727,0.0,15.0,9.596282813595485,0.0,-0.012119924627711276
4.4,0.2819784035409035,0.0,4.3,9.395158808968723,0.0,-0.03331022010473095
4.6,0.2329787330009098,0.0,21.642819010416662,14.44332797110052,0.0,0.00879245316076882
4.6,0.2971665494227994,0.0,67.0,11.65894604203785,0.0,-0.04841082021606302
4.6,0.3373787910997732,0.0,48.0,9.253974408996244,0.0,-0.08518524441887321
4.3,0.4482204861111111,0.0,13.0,8.486527777105353,0.0,-0.09403717455609517
4.6,0.2019705918112629,0.0,31.0,12.232227603007026,0.0,-0.002473119726131512
4.5,0.4102777777777777,0.0,21.642819010416662,12.89674175821458,0.0,-0.06140459618007388
4.5,0.2742506820436508,0.0,25.0,11.77609709573751,0.0,-0.021441410843771713
4.4,0.8,0.0,21.642819010416662,11.807056696816188,0.0,-0.2074300745577956
3.9,0.1300530303030303,0.0,21.642819010416662,12.428640030892655,0.0,0.11303478196124228
4.4,0.2335647054965236,0.0,35.0,11.167190461069833,0.0,-0.001081758787971121
4.9,0.2918472637721826,0.0,12.0,10.273187304197547,0.0,-0.09015666105507936
4.4,0.255183337439435,0.0,15.0,9.35071082482346,0.0,-0.02487888380109604
4.6,0.2973615162407728,0.0,21.642819010416662,11.621340311407227,0.0,-0.04349793737038654
4.6,0.2497083333333332,0.0,39.0,11.258858681002508,0.0,-0.031111746931734796
4.6,0.5953125,0.0,23.0,10.935710719873049,0.0,-0.16314934582696416
4.6,0.5050367080835831,0.0,28.0,9.919705330558962,0.0,-0.13965034003844834
4.6,0.2329787330009098,0.0,21.642819010416662,14.443331707382027,0.0,0.008792490148834542
4.7,0.2773264222549936,0.0,6.1,9.65982236550112,0.0,-0.06568066867696265
4.4,0.3542169233582048,0.0,21.642819010416662,9.57519179719905,0.0,-0.0609020746649912
4.6,0.2329787330009098,0.0,21.642819010416662,14.443330106120232,0.0,0.008792474296823283
4.5,0.3999052761887583,0.0,19.0,10.219757081839822,0.0,-0.08367017098496488
4.0,0.4659061431989063,0.0,3.8,7.820439515262181,0.0,-0.06969654978100526
4.0,0.2475186824712288,0.0,5.5,8.026823576217629,0.0,0.014753411739348965
4.3,0.3910554643313264,0.0,3.3,8.974111581113318,0.0,-0.06644083874775575
4.5,0.2182625359179459,0.0,21.642819010416662,10.392282268231297,0.0,-0.013565926514879312
4.2,0.1167645790200137,0.0,4.0,7.1891677384203225,0.0,0.03173904299076269
4.1,0.2247583128078817,0.0,3.6,7.8119734296220225,0.0,0.009281146869879908
3.7,0.2188967803030302,0.0,37.0,7.502738210754851,0.0,0.053207537584388676
4.3,0.2832687528520862,0.0,21.642819010416662,9.526974266377731,0.0,-0.022363238621354253
4.4,0.2217314889971139,0.0,10.0,8.524962928680598,0.0,-0.01980923124885703
4.2,0.3246701388888889,0.0,21.642819010416662,9.532423871145296,0.0,-0.025790680610235928
4.6,0.2973615162407728,0.0,21.642819010416662,11.621385173165727,0.0,-0.04349749325244012
4.2,0.2611183261183261,0.0,15.970010080645162,10.21782372723319,0.0,0.005704045408477798
4.0,0.2002840909090909,0.0,18.0,8.699681400989514,0.0,0.037804687173663365
4.5,0.4351814516129032,0.0,7.5,9.045701550034536,0.0,-0.1072778883035741
4.3,0.4088850360219845,0.0,9.1,9.215825302206753,0.0,-0.07147746031118063
3.9,-0.0037329004329004,0.0,13.0,9.22207129485188,0.0,0.13291798839073488
4.7,0.4480626407472998,0.0,8.3,4.74493212836325,0.0,-0.17917955681745767
3.4,-0.038367285742774,0.0,27.0,5.662960480135946,0.0,0.17002653700985515
4.3,0.201457362082362,0.0,15.970010080645162,10.68741192715414,0.0,0.020741123375912995
4.3,0.0796548705923705,0.0,16.0,10.025041248088703,0.0,0.06025356167146967
4.5,0.3375742424242424,0.0,15.970010080645162,11.545450736673626,0.0,-0.04661074987858971
4.3,0.1673611111111111,0.0,7.0,5.613128106388071,0.0,-0.015535648082421805
3.4,0.0243910256410256,0.0,77.0,8.0959035329611,0.0,0.16446539711306735
3.9,0.245,0.0,5.7,7.2991214627108,0.0,0.0206576503152599
4.1,0.3501802884615384,0.0,5.3,7.794823152179389,0.0,-0.03853185525785385
4.3,0.2776376488095238,0.0,30.0,8.251924713801357,0.0,-0.033843208600778385
4.2,0.2611183261183261,0.0,15.970010080645162,10.217860240240954,0.0,0.005704406876297363
3.8,0.1062411935866176,0.0,0.2265625,11.112567294230209,0.0,0.12372266323537645
4.6,0.4228053196803196,0.0,99.0,6.29156913955832,0.0,-0.15285138774140117
3.5,0.0658285525785526,0.0,0.609375,11.750863043024308,0.0,0.18182047390467565
4.3,0.3535181051587301,0.0,95.0,6.021023349349527,0.0,-0.09231085600001476
4.6,0.2814196231286074,0.0,0.00830078125,5.472270673671475,0.0,-0.0957855672540795
3.8,0.1939169472502805,0.0,0.28515625,8.955577146281511,0.0,0.06919778041108554
4.5,0.2034848813657407,0.0,28.0,11.004945787654156,0.0,-0.0026620126988095016
4.2,0.3862701337701337,0.0,9.4,8.28045768658256,0.0,-0.06003922677357865
3.1,0.1171785544702211,0.0,55.0,7.145196134997171,0.0,0.15909250494715954
4.3,0.4780041152263374,0.0,5.1,6.400257445308821,0.0,-0.12502326045443957
4.3,0.2819713754609588,0.0,5.0,8.893984438939794,0.0,-0.026172562854163584
4.6,0.2643148577612863,0.0,11.0,11.99005365415826,0.0,-0.02609005014000454
3.2,0.0185771173271173,0.0,55.0,9.690851107739814,0.0,0.2094117217100826
4.6,0.3034726490755402,0.0,4.4,13.612039723547468,0.0,-0.02406499373680593
4.3,0.2472597064393939,0.0,16.0,6.893656354602635,0.0,-0.034144747414976084
4.4,0.3411092243294624,0.0,45.0,13.495408594256382,0.0,-0.019894593887114675
3.5,0.0041057206682206,0.0,13.0,8.72355674269043,0.0,0.17373450805939628
3.7,0.0244729564521231,0.0,14.0,10.644042990491064,0.0,0.1605660869832506
4.2,0.2021577150881997,0.0,36.0,9.300638009956964,0.0,0.016560211721453832
4.3,0.2920903361344538,0.0,3.0,6.501289670540389,0.0,-0.053450842711556534
4.3,0.1082424242424242,0.0,1.7,9.14984699154722,0.0,0.04246535055339801
3.8,0.0559756216006215,0.0,6.8,7.494430215031565,0.0,0.10614110040065394
4.6,0.2854137272192827,0.0,14.528179640997022,10.589735991404917,0.0,-0.04835052684589758
4.1,0.4378030303030303,0.0,13.0,8.104703468371108,0.0,-0.06951823482328068
3.9,0.1231246617965367,0.0,4.5,6.895682697747868,0.0,0.0629063143835556
4.1,0.1756305397541127,0.0,29.0,11.26829011050526,0.0,0.05907982297678582
4.2,0.3446225071225071,0.0,15.0,5.3981627015177525,0.0,-0.07348100392188861
4.3,0.0909358089826839,0.0,7.7,7.335633981927201,0.0,0.030342725389819247
4.1,-0.0214269824091252,0.0,14.528179640997022,10.250687752512317,0.0,0.12525506971720518
4.5,0.78125,0.0,7.5,9.22009266341886,0.0,-0.2364560455912762
4.5,0.1894113756613756,0.0,14.0,8.115819701211327,0.0,-0.02428593223380937
4.4,0.0310678654100529,0.0,74.0,16.9257617903115,0.0,0.12791540581317973
4.5,0.1901718795093795,0.0,46.0,11.911016786748448,0.0,0.009216934364704499
4.2,0.0564261482064512,0.0,24.0,12.81910461578833,0.0,0.10793447838155396
4.6,0.0462373470976098,0.0,97.0,16.956792730440036,0.0,0.0954087735409806
4.2,0.0766603713037169,0.0,33.0,14.219215451136025,0.0,0.11307797480782183
4.6,0.0492647370414427,0.0,7.8,10.998777662206932,0.0,0.04581997871679094
4.4,-0.0103838275086834,0.0,46.0,14.775062674625456,0.0,0.12561190867931787
4.4,-0.0465576549242046,0.0,67.0,15.639828210285684,0.0,0.14537487762138568
4.6,0.0400013694607723,0.0,98.0,17.619764015010638,0.0,0.10421267435296805
4.2,0.1666471861471861,0.0,4.9,9.743318800383308,0.0,0.03804934357694256
4.5,0.0087818544146451,0.0,52.0,16.468632656232877,0.0,0.12224001970804055
4.7,0.0653846777928719,0.0,78.0,14.36493978143128,0.0,0.05257315635638904
4.5,0.0646231638812587,0.0,59.0,13.94269988212018,0.0,0.07528435381039533
4.4,-0.0238742779136608,0.0,97.0,15.532307587521087,0.0,0.13218571900457576
4.3,0.07045600459865,0.0,11.0,14.074452048341074,0.0,0.10441184096965689
4.6,0.0385172516570203,0.0,33.44475038109756,14.58466045023899,0.0,0.08235459942864021
4.6,0.1030085622911709,0.0,41.906666666666666,13.1348372541088,0.0,0.04260740447535216
4.3,0.2848484848484848,0.0,41.906666666666666,10.043510330455955,0.0,-0.020241397524911497
4.1,0.0436904761904761,0.0,85.0,11.128115561787098,0.0,0.1009836898108244
4.3,-0.0863146364708864,0.0,78.0,14.078252443431673,0.0,0.1558338384143696
4.4,0.1065154333126959,0.0,63.0,16.004208665830973,0.0,0.09155300116318243
4.6,0.0010982920106865,0.0,35.667878787878784,15.233481138209692,0.0,0.10266923863501481
4.4,0.0064078983392599,0.0,70.0,15.845516420924984,0.0,0.12702182598231898
4.4,0.0130677538872691,0.0,49.0,14.568520658554784,0.0,0.11434191516532027
4.5,0.0087818544146451,0.0,52.0,16.46865413745014,0.0,0.12224023236564507
4.4,0.0310678654100529,0.0,74.0,16.925841112333426,0.0,0.12791619107739277
4.5,-0.0508342915337525,0.0,82.0,14.977994270309914,0.0,0.12648919143712628
4.5,0.1901718795093795,0.0,46.0,11.911003354644375,0.0,0.009216801390904972
4.4,-0.0465576549242046,0.0,67.0,15.639879349855178,0.0,0.14537538388777704
4.5,0.0764728617218388,0.0,53.0,15.513989037189104,0.0,0.08706625014308333
4.6,0.0492647370414427,0.0,7.8,10.99968024968547,0.0,0.04582891406196832
4.7,0.0678093017461953,0.0,50.32299668633901,14.24369364743434,0.0,0.05372573007017495
4.6,0.0462373470976098,0.0,97.0,16.956847497976817,0.0,0.09540931572315936
4.5,0.0646231638812587,0.0,59.0,13.94414297015611,0.0,0.07529863994889047
4.4,-0.0103838275086834,0.0,46.0,14.775099448133211,0.0,0.12561227272600917
4.4,0.0064078983392599,0.0,70.0,15.845534938953437,0.0,0.12702200930524354
4.6,-0.000518077601411,0.0,74.0,16.10629024050849,0.0,0.1073922867069041
4.4,-0.0238742779136608,0.0,97.0,15.53233201834575,0.0,0.13218596086240836
4.4,0.2208605283605283,0.0,17.0,11.220887251632076,0.0,0.006382017085284075
4.6,0.1651675905210568,0.0,46.81704545454545,14.827260913020991,0.0,0.03526933568372742
4.3,0.07045600459865,0.0,11.0,14.074489869166849,0.0,0.10441221538448231
4.4,0.1650277217741935,0.0,14.0,9.138414632404594,0.0,0.007240039230153261
4.2,0.0766603713037169,0.0,33.0,14.220074593561844,0.0,0.11308648006001487
4.5,0.0646231638812587,0.0,59.0,13.944139452961425,0.0,0.07529860512971853
4.5,0.0087818544146451,0.0,52.0,16.468776818051,0.0,0.12224144686677801
4.7,0.0678093017461953,0.0,50.32299668633901,14.244096312063151,0.0,0.053729716329163346
4.7,0.168856336043836,0.0,24.0,11.860266987727885,0.0,-0.004981688384867344
4.3,-0.0736111111111111,0.0,52.0,14.62689089508321,0.0,0.15953181414096862
4.1,-0.0593567570353284,0.0,71.0,11.349370705067676,0.0,0.1438069900675764
4.2,-0.1341666666666666,0.0,73.0,10.74542105042418,0.0,0.15371033721152827
3.4,0.0122723971971413,0.0,78.0,11.906169532781435,0.0,0.20665175431192945
4.3,0.0827339041606754,0.0,45.174731182795696,14.425853136997413,0.0,0.09920862480861325
4.6,0.1214215309779825,0.0,31.0,11.529654746924106,0.0,0.021040267690103975
4.2,0.0766603713037169,0.0,33.0,14.220558245631311,0.0,0.11309126807036196
4.2,-0.0083930652680652,0.0,86.0,12.18361740315936,0.0,0.11883673682654805
4.4,0.0498285959723696,0.0,37.094202898550726,13.91744511171073,0.0,0.09539789441545155
4.5,0.0523061286782201,0.0,95.0,12.153589169473117,0.0,0.057978387941068854
4.6,0.0761704516471637,0.0,48.0,12.730070138092398,0.0,0.04803224581982912
4.6,-0.005,0.0,51.49368421052631,11.533786355637558,0.0,0.06648031558596312
4.6,0.0322247659173125,0.0,35.667878787878784,14.944768113473645,0.0,0.08803710444236768
4.4,-0.0216671890031265,0.0,99.0,11.166879546554684,0.0,0.08789813509887356
4.7,0.0135506449820065,0.0,49.0,12.790570575132524,0.0,0.06002054614507618
4.1,0.0591370097421684,0.0,81.0,9.852036350945047,0.0,0.08298064907469638
4.0,-0.1420604256854257,0.0,77.0,11.70017651847291,0.0,0.19003380008013937
4.0,-0.0235272791804636,0.0,51.49368421052631,13.09186705582884,0.0,0.161988087196122
4.5,0.1490450656838602,0.0,96.0,11.205584754855265,0.0,0.011882616882647135
4.7,0.1014829802152094,0.0,82.0,10.985597761104732,0.0,0.004991471854432383
4.5,0.0644671324046323,4.99,15.0,9.805102650614726,57.449547969951944,48.840662910433096
4.2,-0.1621195023148147,6.99,46.0,9.473089177882752,80.4754188997924,68.51551197792315
4.6,0.0761704516471637,0.0,48.0,12.730546704220528,0.0,0.04803696368148347
4.4,0.0310678654100529,0.0,74.0,16.925897289386032,0.0,0.12791674721335522
4.6,0.002282199760648,0.0,57.0,15.172270541544336,0.0,0.09909507071663815
4.5,0.0087818544146451,0.0,52.0,16.468791324635582,0.0,0.12224159047761207
4.6,0.1702321488233137,0.0,25.0,14.815827315096676,0.0,0.035818084121619354
4.4,0.0498285959723696,0.0,37.094202898550726,13.91734305748553,0.0,0.09539688410924779
4.6,0.3249999999999999,0.0,35.667878787878784,14.207681015878878,0.0,-0.03000557860848474
4.6,0.0336784023386116,0.0,93.0,13.601498933395,0.0,0.06741554025007235
4.0,0.1988888888888889,0.0,97.0,11.409995326884111,0.0,0.05582994298339078
4.6,0.07081548550701,0.0,83.0,13.52205853800169,0.0,0.05376304976130364
4.4,0.0608809307012432,0.0,55.0,9.71727844901498,0.0,0.04752127032838982
4.2,-0.0342558078495578,0.0,48.595373883928566,10.175345074640935,0.0,0.11315766430866064
4.4,0.0310678654100529,0.0,74.0,16.92591833267578,0.0,0.12791695553560878
4.5,0.0087818544146451,0.0,52.0,16.468885753132522,0.0,0.12224252529139445
4.4,-0.0465576549242046,0.0,67.0,15.639914032932912,0.0,0.1453757272398385
4.5,0.1901718795093795,0.0,46.0,11.911339103131624,0.0,0.009220125200173013
4.6,0.0462373470976098,0.0,97.0,16.956932215329523,0.0,0.0954101543995281
4.6,0.0400013694607723,0.0,98.0,17.619812240999813,0.0,0.1042131517757886
4.4,0.0064078983392599,0.0,70.0,15.845553850628557,0.0,0.12702219652515195
4.6,0.0492647370414427,0.0,7.8,11.000565331112286,0.0,0.04583767610248707
4.3,0.07045600459865,0.0,11.0,14.074504534000152,0.0,0.10441236056193115
4.6,0.0322247659173125,0.0,35.667878787878784,14.944953655064907,0.0,0.08803894124844142
4.5,-0.0508342915337525,0.0,82.0,14.978091517936376,0.0,0.12649015415944492
4.6,0.0010982920106865,0.0,35.667878787878784,15.233707089996225,0.0,0.10267147548989497
4.6,0.0385172516570203,0.0,33.44475038109756,14.584961619333347,0.0,0.08235758091229561
4.6,0.1030085622911709,0.0,41.906666666666666,13.135465172815936,0.0,0.042613620682118825
4.5,0.0646231638812587,0.0,59.0,13.944993767742227,0.0,0.07530706258967468
4.6,-0.000518077601411,0.0,74.0,16.106408319392507,0.0,0.1073934556524212
4.4,0.2208605283605283,0.0,17.0,11.221181822163762,0.0,0.006384933245149216
4.4,-0.0238742779136608,0.0,97.0,15.532347107674576,0.0,0.1321861102422356
4.7,0.0678093017461953,0.0,50.32299668633901,14.244675265463156,0.0,0.05373544779408357
4.4,0.1065154333126959,0.0,63.0,16.00423455194429,0.0,0.09155325742793607
4.5,0.0764728617218388,0.0,53.0,15.515989550550492,0.0,0.08708605462502111
4.3,0.1143449467589214,0.0,41.906666666666666,13.895773549065945,0.0,0.08238985952161404
4.2,0.0766603713037169,0.0,33.0,14.2216421106156,0.0,0.11310199800844617
4.5,0.2176940734746921,0.0,60.0,15.25792222171142,0.0,0.03028560452079254
4.5,0.1169023559743807,0.0,70.0,12.902778486540148,0.0,0.04391457122419995
4.6,0.0438963146592635,0.0,63.0,13.153199034023167,0.0,0.06265693539684203
4.3,-0.3833333333333333,0.0,82.0,13.770154341043344,0.0,0.264662045311328
4.5,0.0807801950278802,0.0,50.32299668633901,14.199814676619972,0.0,0.07274330381878674
4.5,0.1194444444444444,0.0,23.0,13.215926577582517,0.0,0.05160608257514426
4.7,0.028953154691858,0.0,50.32299668633901,14.259972636248408,0.0,0.06858469059148642
4.4,0.0223125676884839,0.0,54.0,14.13891275248974,0.0,0.10600121793317918
4.5,0.1985978304385316,0.0,50.32299668633901,6.546785410760524,0.0,-0.047585322243768324
4.2,-0.0537089592096241,0.0,32.0,15.154922933184034,0.0,0.1717731094177587
4.4,0.0404061948483241,0.0,61.0,11.56761249411991,0.0,0.07287494089445867
4.5,0.0807381735588972,0.0,50.32299668633901,12.746255109397156,0.0,0.058369395430676485
4.5,-0.0139273959065625,0.0,50.35714285714285,12.286961149263512,0.0,0.08962687518002765
4.5,0.0403405182780182,0.0,66.0,12.778108131590685,0.0,0.07211340202058958
4.3,0.3340090240641711,0.0,95.0,10.670256872966688,0.0,-0.038905295526434736
4.0,-0.0131410256410256,0.0,66.0,10.19054442959399,0.0,0.12762322865164188
4.3,0.0222259179575396,0.0,75.0,14.581462004078825,0.0,0.12011314394049938
4.2,0.0766603713037169,0.0,33.0,14.221390913178755,0.0,0.11309951122920403
4.5,0.0087818544146451,0.0,52.0,16.4688655443533,0.0,0.12224232523054462
4.5,0.1901718795093795,0.0,46.0,11.911641180418718,0.0,0.00922311567466394
4.5,0.0479884559884559,0.0,41.0,10.203073491990732,0.0,0.04668213892103523
4.5,0.0057144610790444,0.0,63.0,13.93368373972599,0.0,0.09700542272593071
4.4,0.1065154333126959,0.0,63.0,16.004237801668747,0.0,0.09155328959923298
4.3,0.2848484848484848,0.0,41.906666666666666,10.045160710852274,0.0,-0.02022505925425555
4.4,0.3065610651974289,0.0,20.0,10.64889505975716,0.0,-0.03205223711448357
4.7,0.1452136793214095,0.0,13.0,12.0520411252698,0.0,0.007159578081005202
4.4,-0.0103838275086834,0.0,46.0,14.775121664805525,0.0,0.125612492664398
4.3,-0.0863146364708864,0.0,78.0,14.078351631817023,0.0,0.15583482034961882
4.4,0.0130677538872691,0.0,49.0,14.568714669823116,0.0,0.11434383581865537
4.4,-0.0238742779136608,0.0,97.0,15.532350520705474,0.0,0.13218614403021722
4.6,0.3249999999999999,0.0,35.667878787878784,14.207676286745082,0.0,-0.030005625425490123
4.6,0.1651675905210568,0.0,46.81704545454545,14.827346351146844,0.0,0.03527018149553396
4.6,-0.1833333333333333,0.0,33.0,11.741239625614655,0.0,0.13817577671874515
4.2,0.1849305555555555,0.0,35.667878787878784,8.37930948405285,0.0,0.013994955277122356
4.6,0.196290299612668,0.0,10.0,12.277830357985998,0.0,0.002608106690650147
4.7,0.0678093017461953,0.0,50.32299668633901,14.244920031315896,0.0,0.053737870902573204
4.2,0.1666471861471861,0.0,4.9,9.743612184572005,0.0,0.038052247992368116
4.5,0.0807801950278802,0.0,50.32299668633901,14.199846679550626,0.0,0.0727436206381964
4.4,0.0064078983392599,0.0,70.0,15.845552799989322,0.0,0.12702218612413885
4.7,0.1441459131545338,0.0,24.0,10.79170797381519,0.0,-0.006213088277727374
4.4,0.3065610651974289,0.0,20.0,10.64889505975716,0.0,-0.03205223711448357
4.4,0.3950070346320346,0.0,51.0,9.453600226875215,0.0,-0.08100367214961335
4.3,0.1943595257082099,0.0,39.0,9.360396968182862,0.0,0.007567939212184349
4.7,0.0424151475694444,0.0,23.0,9.46877384406884,0.0,0.019289291684670584
4.2,0.0564261482064512,0.0,24.0,12.81957849618708,0.0,0.10793916965529338
4.5,0.1572673611111111,0.0,15.0,9.344608992781216,0.0,-8.057741150968578e-05
4.5,0.0239227994227994,0.0,20.0,7.67368812926773,0.0,0.03322624017759723
4.7,0.1441459131545338,0.0,24.0,10.79170797381519,0.0,-0.006213088277727374
3.9,0.1179166666666666,0.0,14.0,6.882437470997847,0.0,0.06362275934609729
4.2,0.1786813446969696,0.0,49.0,11.59722984802226,0.0,0.04664006002897658
4.4,0.1901718795093795,0.0,20.0,10.999496455334125,0.0,0.015444216208242878
4.3,0.0794998427668992,0.0,19.0,9.38857023586688,0.0,0.05365688304006078
4.6,0.2342905405405405,0.0,33.0,8.364042011922063,0.0,-0.05322870280588965
4.1,0.0436904761904761,0.0,85.0,11.13147469069291,0.0,0.10101694417894092
4.5,0.1963147522522522,0.0,48.0,9.368796057668156,0.0,-0.018510201700418394
4.5,0.3677701727701727,0.0,43.98787878787879,10.507994757932805,0.0,-0.07161351548760697
4.0,0.0847327647151235,0.0,15.0,12.702657347005822,0.0,0.12149606984048866
4.5,0.0581279222547604,0.0,51.0,13.182244193253911,0.0,0.0711581676907363
4.5,0.3124580498866213,0.0,24.0,8.860924729719041,0.0,-0.06463498809973311
4.7,0.1986302882723337,0.0,38.92432432432432,15.655171066048242,0.0,0.0195610711189515
4.5,-0.0088388979076479,0.0,69.07142857142857,13.162756479963576,0.0,0.09416112198085369
4.5,0.1951851851851851,0.0,63.0,6.07073772800249,0.0,-0.05250495587748061
4.3,0.2063246669143246,0.0,30.23846153846154,11.32021412077622,0.0,0.023478751981759804
4.6,0.3866666666666666,0.0,43.0,10.29000766547652,0.0,-0.09298180962459157
4.5,0.1083333333333332,0.0,45.0,9.864278839310847,0.0,0.020029403287930236
4.2,-0.0974677711993888,0.0,91.0,9.3171298661577,0.0,0.12356219949758673
4.6,0.2742688792688793,0.0,53.0,9.175024026848616,0.0,-0.0626854950604927
4.5,0.0535888178661616,0.0,40.13076923076923,11.616185776743016,0.0,0.05865582142139303
3.8,0.0928071500439664,0.0,78.0,9.246382963323112,0.0,0.10114071323816853
4.8,0.1689332257524221,0.0,63.0,9.4040963063958,0.0,-0.04611312531346545
4.7,0.1441459131545338,0.0,24.0,10.79347537598923,0.0,-0.006195591526589439
4.5,-0.0088388979076479,0.0,69.07142857142857,13.16284291329232,0.0,0.09416197764487022
4.5,0.0760661764705882,0.0,42.0,8.313116702819253,0.0,0.017233250264591715
4.5,0.0581279222547604,0.0,51.0,13.1823383764969,0.0,0.07115910007657816
4.3,0.023667328042328,0.0,93.0,8.344742754417545,0.0,0.05569957785501267
4.3,0.0762271768785567,0.0,91.0,13.06597290391681,0.0,0.08279324513178687
4.3,0.0438083774216586,0.0,53.0,12.880538919430045,0.0,0.09770997528040504
4.3,0.3340090240641711,0.0,95.0,10.67037299405789,0.0,-0.03890414596247893
4.2,0.1467222222222222,0.0,21.0,10.04589815801724,0.0,0.04667944197933582
4.3,0.071099861395914,0.0,37.0,14.269256494203084,0.0,0.10302491952178228
4.1,0.0232155344655344,0.0,16.0,7.973844375944687,0.0,0.08565454191834876
4.1,0.0648346811367644,0.0,19.0,8.193676665955241,0.0,0.07173342673080202
4.5,0.5,0.0,17.0,6.340359303727752,0.0,-0.1597007754943519
3.6,-0.0017880828486889,0.0,48.0,6.949856455000773,0.0,0.14209040650281762
4.4,0.180236682925485,3.99,9.5,8.130647968160584,43.170995153999044,39.0133481514257
4.1,0.1907954545454545,0.0,69.07142857142857,10.997589685726352,0.0,0.04592925003927212
3.9,0.1626129718234981,0.0,63.0,11.798991231903711,0.0,0.08959893976967392
4.2,-0.052718386597063,0.0,15.0,10.855898040716642,0.0,0.13084789434183614
4.7,0.1986302882723337,0.0,38.92432432432432,15.655170589434071,0.0,0.01956106640061428
4.3,0.2189220865113722,0.0,59.0,13.178263444302187,0.0,0.03370960357766328
4.0,0.2697382920110192,0.0,69.07142857142857,11.28562327850716,0.0,0.031098800693476814
4.3,0.071099861395914,0.0,37.0,14.269260940901932,0.0,0.10302496354276647
4.3,0.1825038580246913,0.0,91.0,10.83738241835864,0.0,0.020530439457740524
4.1,0.2255163032858345,11.99,42.0,7.335633981927201,129.72938142768132,117.25925539798894
4.6,0.3636273107523107,9.99,19.0,5.981414211254481,69.01846024535905,97.57587654178833
4.8,0.2524710424710424,0.0,11.0,10.987984013368823,0.0,-0.05588853202294508
4.6,0.1894276710984748,0.0,37.0,11.199843529885715,0.0,-0.008657797607640072
4.2,0.4408625730994152,0.0,7.4,10.405292613081036,0.0,-0.059417944764531105
4.7,0.3884299217372133,0.0,19.42575805986148,9.834941010001018,0.0,-0.10754770549261627
3.5,0.154806166056166,0.0,23.0,5.525452939131784,0.0,0.08388849763921319
2.7,-0.0628259925381636,0.0,24.0,7.88532923927319,0.0,0.2868878215320562
4.2,0.2052214485250199,0.0,20.0,8.406708458240965,0.0,0.008442071491576275
4.7,0.3181447736291486,0.0,26.0,10.050225108647712,0.0,-0.07960699943755178
4.7,0.3250549115005364,0.0,2.6,9.029897050194,0.0,-0.0895570911036302
3.5,0.1919080225330225,0.0,10.0,8.218247926685745,0.0,0.09804807817591771
4.7,0.3105413694123483,0.0,14.0,11.378467929321909,0.0,-0.06216392434006479
4.5,0.1949207230562596,0.0,11.0,6.118097198041348,0.0,-0.0457923144646607
3.0,-0.0841847718253968,0.0,19.42575805986148,6.818924065275521,0.0,0.2484128504836548
4.4,0.2473535788760147,0.0,19.42575805986148,9.672563813902956,0.0,-0.019253835745036696
3.6,0.0632123015873015,0.0,7.7,5.25227342804663,0.0,0.10545908405220428
4.5,0.2265324499959916,0.0,16.0,11.186752013336475,0.0,-0.008162413766759746
4.7,0.4182767368626743,0.0,12.0,8.3707791729607,0.0,-0.13245503617773025
4.3,0.299594696969697,0.0,19.42575805986148,10.081215240319857,0.0,-0.022789959291071415
4.2,0.0825405137397324,0.0,5.9,7.466227556215481,0.0,0.047203031430284814
4.5,0.3148148148148148,0.0,44.0,6.35088571671474,0.0,-0.09273808063154321
4.6,0.3179679035352112,0.0,19.42575805986148,9.651558649790164,0.0,-0.07053085363477662
4.3,0.3791468253968253,0.0,28.0,7.653969180478774,0.0,-0.07792355334302503
3.9,-0.1,0.0,6.4,5.60947179518496,0.0,0.13434830692493316
4.2,0.2757949029581529,0.0,19.42575805986148,8.36730010184162,0.0,-0.01857546830647927
4.3,0.2991495606915014,0.0,19.42575805986148,8.32069157104845,0.0,-0.040050237162707614
2.6,-0.1232334869431643,0.0,24.0,6.208590026096629,0.0,0.3053176445350896
4.0,0.4063640873015873,0.0,2.3,6.2766434893416445,0.0,-0.06227994687053773
3.7,0.0876832542457542,0.0,8.4,8.187855443695623,0.0,0.11300215026047733
4.170222929936306,0.4408625730994152,0.0,2.4,2.3978952727983707,0.0,-0.13447142652549693
4.3,0.2209419009809634,0.0,86.0,4.820281565605037,0.0,-0.052985957584417154
4.7,0.3411391667641668,0.0,20.0,6.436150368369428,0.0,-0.12337426417137354
3.1,0.1380116288308252,0.0,4.2,5.537334267018537,0.0,0.14129677664909762
4.1,-0.0059087159022024,0.0,16.97090038090796,18.1742469047682,0.0,0.1975373515675506
4.3,-0.0009910877556351,0.0,16.97090038090796,15.968000403404687,0.0,0.14947766321962197
4.2,-0.1064102421271538,0.0,1.5,10.0209594286763,0.0,0.14448685548470375
4.2,0.3680555555555556,0.0,16.97090038090796,15.39059012475304,0.0,0.016344337035767098
4.6,0.2407102347883598,0.0,5.3,12.324317796616995,0.0,-0.01317875312231176
4.8,0.0475896043515136,0.0,62.0,14.04588867657391,0.0,0.045857054850086676
4.2,0.1336416983933725,0.0,16.97090038090796,8.466320861042481,0.0,0.03646600079287243
3.6,-0.0517049645504235,0.0,2.8,9.48978863950086,0.0,0.19145697781750193
4.5,0.2112030965815145,0.0,16.97090038090796,10.953382174406809,0.0,-0.004788904597521237
4.3,0.1485611214182642,0.0,16.97090038090796,15.145702976393755,0.0,0.08476724955806503
4.5,0.2296042017396183,0.0,35.0,12.930539213513963,0.0,0.005693793582717044
3.7,0.1251258069415964,0.0,2.7,11.835204597175863,0.0,0.13562016864475346
3.9,0.1339525087181337,0.0,16.97090038090796,9.097955241381392,0.0,0.07913896127733888
3.7,0.1972544893378226,0.0,4.1,8.355614995760183,0.0,0.073724328073895
4.2,0.2308502122877122,0.0,9.3,10.974077524630472,0.0,0.025428064632136094
3.8,0.2070964856902356,0.0,16.97090038090796,9.875448095504884,0.0,0.07134750023192327
4.0,0.3044229615625496,0.0,8.4,10.411810046084,0.0,0.016496703538883106
4.3,0.3016666666666667,0.0,16.97090038090796,12.076664170559503,0.0,-0.0035293214888758584
4.0,0.1011360479797979,0.0,22.0,11.860860325410933,0.0,0.10613074867566985
4.6,0.0204472716887489,0.0,15.897717757251382,15.593273700659696,0.0,0.10124792318055165
4.3,0.1899473422576101,0.0,42.0,13.720350066956025,0.0,0.052044680036356705
4.6,0.3236720779220779,0.0,15.897717757251382,11.360461694843734,0.0,-0.05535406335101711
3.8,0.2330246913580247,0.0,15.0,10.697746234464486,0.0,0.06991321082766938
4.3,0.2407589948858331,0.0,21.0,7.859026979751538,0.0,-0.022719642094037207
3.8,0.185942784067784,0.0,20.0,10.794111697661032,0.0,0.08808574958826498
4.4,0.2915263605442177,0.0,15.897717757251382,15.60938778316333,0.0,0.02322689106657161
4.1,0.2763801632395382,0.0,25.0,10.051390182459624,0.0,0.009395723029885339
4.1,0.0712142148526076,0.0,15.897717757251382,9.37577006109992,0.0,0.081389193815536
4.1,0.1244438861403146,0.0,15.897717757251382,10.876101905463226,0.0,0.07610726757234954
4.1,-0.0336435525083903,0.0,14.0,9.18008732880516,0.0,0.11933991491764967
4.6,0.2749015305493963,0.0,15.897717757251382,14.130868593266294,0.0,-0.009479822248225966
4.5,0.2253870946305156,0.0,31.0,10.525514600592947,0.0,-0.016047460044586903
4.2,0.220267611176702,0.0,15.897717757251382,10.427002327418109,0.0,0.023235664691746316
4.1,0.1720851370851371,0.0,7.3,8.881002624255569,0.0,0.03935132301545119
4.6,0.0204472716887489,0.0,15.897717757251382,15.593267447055954,0.0,0.10124786127175128
4.3,0.1899473422576101,0.0,42.0,13.720325870285484,0.0,0.05204444049657958
4.3,0.3054831433998101,0.0,15.0,11.467101397583354,0.0,-0.010774577692657883
4.7,0.3035325727513227,0.0,22.0,12.110656960160332,0.0,-0.053209505288291714
4.0,0.0909598772626301,0.0,6.2,8.434463543817241,0.0,0.07792646545761334
4.6,0.0204472716887489,0.0,15.897717757251382,15.593422254503515,0.0,0.10124939381902553
3.8,0.2870084999924843,0.0,15.897717757251382,8.761080103868347,0.0,0.03021470988156072
4.7,0.3035325727513227,0.0,22.0,12.11079446521386,0.0,-0.05320814402952612
4.8,0.4461811075370103,0.0,37.0,11.603688960617085,0.0,-0.12613827250448584
4.0,0.1639216068452763,0.0,36.0,9.959867885972235,0.0,0.06190801423403841
4.5,0.1870211671841937,0.0,16.831950070730453,16.200463990713498,0.0,0.056319152325281174
4.5,0.2233796296296296,0.0,9.7,10.570136741789844,0.0,-0.012329787551649596
4.7,0.1942810457516339,0.0,22.0,11.868044198641654,0.0,-0.014285599064050247
4.2,0.1478227994227993,0.0,16.831950070730453,13.726466206791384,0.0,0.08319210659531318
4.5,0.4556862745098038,0.0,7.7,9.991590000757672,0.0,-0.10569370141094214
4.4,0.0825077072811448,0.0,16.831950070730453,15.47992498340075,0.0,0.10089868059399354
4.3,0.0,0.0,8.7,10.813377845229256,0.0,0.09905075659642054
4.4,0.3458771929824561,0.0,13.0,7.5310163320779155,0.0,-0.07696305277105042
4.4,0.3,0.0,53.0,14.965464673175564,0.0,0.009263383061578256
4.2,0.0701157407407407,0.0,4.5,8.39185670010494,0.0,0.06123171045804604
4.4,0.3400773809523809,0.0,26.0,10.885977925124486,0.0,-0.04309203159907349
4.4,0.2331099456099456,0.0,9.6,11.041673056323964,0.0,0.0008486658522449675
4.5,0.1870211671841937,0.0,16.831950070730453,16.2004623330333,0.0,0.05631913591474469
4.3,0.1806828665161998,0.0,16.0,12.43699387216019,0.0,0.0459161182931197
4.4,0.0825077072811448,0.0,16.831950070730453,15.479921197364073,0.0,0.1008986431133666
4.4,0.3,0.0,53.0,14.965429524263712,0.0,0.009263035097898942
4.4,0.4320949074074074,0.0,16.831950070730453,14.698507553405632,0.0,-0.03907266664244746
4.4,0.2013819051319051,0.0,16.831950070730453,15.030022628597736,0.0,0.05147919193444361
3.9,0.311099537037037,0.0,11.0,11.769681726249368,0.0,0.03928572206315156
4.5,0.1870211671841937,0.0,16.831950070730453,16.200509575842144,0.0,0.056319603604374935
4.3,0.1546986687071012,0.0,1.5,13.043651284070751,0.0,0.0634638430256444
4.2,0.7702690972222223,0.0,5.7,11.855933439904843,0.0,-0.1694581487444753
4.1,0.0768382352941176,0.0,1.9,10.80389277518006,0.0,0.09505364679265393
4.1,0.3751584201388889,0.0,4.0,12.769267734404222,0.0,0.001418969596727826
4.0,-0.0077905568307353,0.0,47.0,11.967225180704643,0.0,0.1454327916650528
4.5,0.1532142857142857,0.0,16.831950070730453,12.950326353037717,0.0,0.036931623236876376
4.1,0.3618589743589743,0.0,10.0,11.266270166070044,0.0,-0.009138475983984873
4.2,0.3380653936903937,0.0,44.0,12.279992028473496,0.0,-0.006298980208432781
4.4,0.2013819051319051,0.0,16.831950070730453,15.030021738032868,0.0,0.05147918311811872
4.1,0.3751584201388889,0.0,4.0,12.769270581334734,0.0,0.001418997780485487
4.6,0.0926399453720882,0.0,9.6,11.746716134028198,0.0,0.036604483972204394
4.4,0.4320949074074074,0.0,16.831950070730453,14.69851706481881,0.0,-0.03907257248231133
4.2,0.1478227994227993,0.0,16.831950070730453,13.726589722755431,0.0,0.08319332936629098
4.4,0.3,0.0,53.0,14.965497604368371,0.0,0.009263709070504667
3.8,0.1157204208437761,0.0,12.0,12.029651646157175,0.0,0.12782486897702477
4.4,0.2013819051319051,0.0,16.831950070730453,15.030039252329656,0.0,0.05147935650440094
4.2,0.0814592086834733,0.0,24.0,12.192460418110311,0.0,0.09226183366301788
4.1,0.2297032474606004,0.0,1.6,9.979475898535464,0.0,0.02910458854551201
4.3,0.1673185826519159,0.0,9.8,7.497207223203318,0.0,0.0028014387799735196
4.2,0.0682582232582232,0.0,6.0,12.745223301047067,0.0,0.10485413777552788
4.5,0.4050258891435362,0.0,6.5,11.587336962484038,0.0,-0.07059160820073695
4.5,0.3365783889313301,0.0,26.08599881169094,11.93676080243327,0.0,-0.04355540059767993
4.3,0.1629470509928256,0.0,26.08599881169094,11.418966372036843,0.0,0.04135508320136955
4.2,0.1494003012753012,0.0,26.08599881169094,9.835155177159304,0.0,0.04297922727019177
4.6,0.4320632947781385,0.0,17.0,11.937330082897788,0.0,-0.09077375037357105
4.0,0.0490445574162679,0.0,26.08599881169094,11.703578881883718,0.0,0.12379518265677636
4.6,0.5265151515151515,0.0,10.0,7.591861714889934,0.0,-0.16869308550237083
4.3,0.1984480644741061,0.0,26.08599881169094,10.50482093382342,0.0,0.01887663376859955
4.4,0.1769290584415584,0.0,35.0,12.356318568851645,0.0,0.03211336505703216
4.4,0.4436382623224729,0.0,26.08599881169094,8.717190933223135,0.0,-0.10374567750611441
4.0,0.2685656756963575,0.0,27.0,10.683087620826273,0.0,0.03054814232924391
4.1,-0.0257285353535353,0.0,88.0,9.864278839310847,0.0,0.11437621106999207
4.5,0.1683002897862067,0.0,26.08599881169094,10.169805529234134,0.0,0.002605480709404806
4.6,0.2046785506160506,0.0,26.08599881169094,10.52320345501019,0.0,-0.019835678259583434
4.3,0.3442488636363636,0.0,25.0,8.928507824313293,0.0,-0.05175098312435289
4.6,0.2726327684661018,0.0,26.08599881169094,9.48029117039765,0.0,-0.05586469441987851
4.0,-0.0784320502028835,0.0,61.0,9.31343832997975,0.0,0.14422800044592043
4.1,0.3861793695887446,29.99,25.0,8.127995055771946,324.48575054346645,293.2443022585769
4.6,0.28708349731077,0.0,57.0,10.29802652051074,0.0,-0.05688798726231459
4.5,0.2984002267573696,0.0,41.0,10.82013821962583,0.0,-0.041930359594610334
4.4,0.2998709786945081,0.0,4.6,11.061170314781226,0.0,-0.02362073197177561
3.5,0.042707547082547,0.0,23.0,10.823371819920414,0.0,0.1787389511167627
4.3,0.1629470509928256,0.0,26.08599881169094,11.41898834209166,0.0,0.041355300698319164
4.0,0.3132563003775125,0.0,82.0,10.271458456216711,0.0,0.00307016395990789
4.6,0.5428597480561766,0.0,26.08599881169094,6.29156913955832,0.0,-0.1896486800289796
4.2,0.0682582232582232,0.0,6.0,12.745232049660048,0.0,0.10485422438417102
4.6,0.4383116883116883,0.0,25.0,13.409828426308204,0.0,-0.07950518240263627
4.5,0.097012013936356,0.0,26.08599881169094,13.639687043092046,0.0,0.06392191132876457
4.5,0.4212411580793934,0.0,8.1,7.987524479848767,0.0,-0.1125513301553338
4.2,0.1494003012753012,0.0,26.08599881169094,9.835208711782832,0.0,0.04297975724689934
4.1,0.1037465277777777,0.0,14.0,11.825009863981029,0.0,0.09355440944054072
4.4,0.1780442098098064,0.0,24.43365444032485,10.85957575428435,0.0,0.018122646764759942
4.3,0.3170957792207792,0.0,58.0,11.077732840389077,0.0,-0.024102245937873357
4.5,0.0985586148309362,0.0,24.43365444032485,12.468906030712564,0.0,0.05194173356595316
4.7,0.0205383759194734,0.0,24.43365444032485,14.420039070534171,0.0,0.0764110975203321
4.4,0.2910943857207955,0.0,28.0,9.79138211875182,0.0,-0.03563609496041331
4.1,0.3,0.0,24.43365444032485,10.198840131292128,0.0,0.0019878601756510017
4.4,0.0973620561482168,0.0,24.43365444032485,12.792202382930206,0.0,0.06777406223273724
4.0,0.7,0.0,7.6,10.427712996365136,0.0,-0.132883099455961
4.3,0.0949020549208519,0.0,24.43365444032485,14.665086963352223,0.0,0.09942476162642555
4.6,0.2726742875180375,0.0,42.0,13.529895680724753,0.0,-0.017670757379254276
3.6,0.0713009654292751,0.0,14.0,10.400102683833005,0.0,0.15261707453176254
4.2,-0.5,0.0,24.43365444032485,14.571486987187544,0.0,0.3357061628366884
3.9,-0.1036063011063011,0.0,37.0,11.498684542679886,0.0,0.1903985054464819
4.1,0.1037465277777777,0.0,14.0,11.825061097051254,0.0,0.09355491663256127
4.3,0.3909644059644059,0.0,24.43365444032485,13.038659977565704,0.0,-0.028665510828133955
3.1,0.2333333333333333,0.0,21.0,8.625688787569537,0.0,0.13382907482952844
3.7,-0.0282842455163883,0.0,28.0,9.730086093116732,0.0,0.16982014257746036
4.4,0.341024531024531,0.0,24.43365444032485,10.7268512626277,0.0,-0.044840546123755765
3.9,-0.0623398392794944,0.0,24.43365444032485,12.952288917815846,0.0,0.1906639229491287
4.3,0.1966247294372294,0.0,24.43365444032485,12.054610016322204,0.0,0.035104002184803085
3.7,0.1282596371882086,0.0,46.0,10.224157008939576,0.0,0.11337000968455568
4.5,0.2231290426587301,0.0,24.43365444032485,13.552630360426203,0.0,0.01555002157929053
4.7,0.0205383759194734,0.0,24.43365444032485,14.42003852420207,0.0,0.07641109211180824
3.7,-0.0435933789156445,0.0,24.43365444032485,9.739850350946302,0.0,0.17612903007495218
4.1,0.3394679300291545,0.0,26.0,6.059123195581797,0.0,-0.054108375399379294
4.3,0.5309259259259259,0.0,10.0,9.725257613645429,0.0,-0.1127039972181374
4.4,0.286751253132832,0.0,57.0,9.919065582499446,0.0,-0.03615555321572694
4.2,0.2051061636775922,0.0,51.0,10.155840330434325,0.0,0.02213893330857819
4.2,0.1728223019670388,0.0,24.0,10.658364626228009,0.0,0.042515560431298616
4.4,0.2903340980489418,0.0,24.43365444032485,8.843037724962368,0.0,-0.044315470895160636
4.4,0.1780442098098064,0.0,24.43365444032485,10.859556534418696,0.0,0.018122456493857686
4.4,0.140565164002664,0.0,3.1,9.800346793616615,0.0,0.024334051514941724
4.4,0.4068806306306306,0.0,19.0,10.77438334991989,0.0,-0.06863886967305088
4.4,0.2987896825396825,0.0,24.43365444032485,9.793449447327191,0.0,-0.03810510625185448
4.4,0.2472893726643726,0.0,24.43365444032485,11.031286405889189,0.0,-0.006370282250149684
4.3,0.1870294462481962,0.0,24.43365444032485,9.242226560838503,0.0,0.010891780843195975
4.5,0.0985586148309362,0.0,24.43365444032485,12.468952161848014,0.0,0.05194219025035052
4.4,0.3329540935468355,0.0,24.43365444032485,10.96082635588846,0.0,-0.03947152319322367
4.4,0.0973620561482168,0.0,24.43365444032485,12.792639121860462,0.0,0.06777838581708451
4.1,0.1607853835978835,0.0,12.0,9.75283906619704,0.0,0.051701207906680036
4.6,0.4795306122448979,0.0,24.43365444032485,12.481907313822576,0.0,-0.10421596174743986
4.1,0.1509645061728395,0.0,7.6,6.792344427470809,0.0,0.026627920713847952
4.5,0.2267642642642642,0.0,24.43365444032485,8.875426919818963,0.0,-0.032127955036892586
4.5,0.3980736961451247,0.0,4.1,11.916548878199022,0.0,-0.06441920049178695
4.2,0.0892848124098123,0.0,8.5,8.81922185757494,0.0,0.05773896912434101
4.7,0.3712767777565572,0.0,22.0,9.207536444643448,0.0,-0.10757458482300586
4.2,-0.5,0.0,24.43365444032485,14.571495439086146,0.0,0.33570624650794817
4.4,0.2603594687476266,0.0,8.782016674440298,15.899130109592775,0.0,0.03872521832112147
4.4,0.2141666666666666,0.0,8.782016674440298,15.563856831185095,0.0,0.05287909460838869
4.5,0.2785210969585969,0.0,15.0,16.361799503245816,0.0,0.02352182370064726
4.2,0.0963957382707382,0.0,8.782016674440298,10.270246481762213,0.0,0.06938056445326513
4.1,-0.0876352028127596,0.0,8.782016674440298,11.246417627749851,0.0,0.16083545455323212
4.6,0.0618328168044077,0.0,8.782016674440298,13.5134996496479,0.0,0.06584492037824513
4.6,-0.0375,0.0,7.5,10.150074155576805,0.0,0.07027331535691961
4.5,0.4977380952380952,0.0,8.782016674440298,10.437844138828485,0.0,-0.11731036411134677
4.6,0.1306823310132133,0.0,8.5,12.66218650702062,0.0,0.03140734170388443
4.2,0.2146464646464646,0.0,7.6,11.753704591335753,0.0,0.03947625414386646
4.1,0.0314881877381877,0.0,8.782016674440298,10.248884134178171,0.0,0.10590032183404863
4.2,0.0645865156103643,0.0,8.782016674440298,14.435611663896156,0.0,0.12264864954873422
3.9,0.1895487012987013,0.0,6.1,9.826282481627157,0.0,0.06660364478464953
3.4,0.0246681547619047,0.0,8.782016674440298,9.742790491838836,0.0,0.18872415981137686
3.4,-0.0435350576073232,0.0,8.782016674440298,10.130423902089031,0.0,0.2183602969218093
3.8,-0.0340440115440115,0.0,1.3,8.600062669238532,0.0,0.15178735613028432
3.8,0.2595636261261261,0.0,2.7,7.259116128097101,0.0,0.027286370219440914
4.2,0.3410732909398732,0.0,16.0,11.682161782215529,0.0,-0.01004691448720596
4.0,0.1557617749897161,0.0,11.0,11.001666413954885,0.0,0.07826179244370385
4.3,0.1746672829485329,0.0,8.782016674440298,11.650850939461357,0.0,0.041261805075267166
4.5,0.3389572975023343,0.0,8.782016674440298,12.97056559401066,0.0,-0.03217644160449873
4.3,0.2497333333333333,0.0,8.782016674440298,11.621851616187406,0.0,0.01258008705362712
4.2,0.1758333333333333,0.0,8.782016674440298,13.066649801635917,0.0,0.06701589553637277
4.7,0.3840313430059524,0.0,8.782016674440298,11.65624628441445,0.0,-0.08659596466146613
4.4,0.55625,0.0,1.8,12.021957481183442,0.0,-0.11075684764642169
4.3,0.4404969980416409,0.0,8.782016674440298,13.3357296868846,0.0,-0.042611677353535105
4.4,0.4045251322751323,0.0,8.5,12.168692637239774,0.0,-0.05270406355610757
4.5,0.3741989087301587,0.0,8.782016674440298,11.011588019076546,0.0,-0.0649002936320262
4.7,0.4925714285714286,0.0,3.8,14.105040921273671,0.0,-0.10282159960441395
4.5,0.3726409253828608,0.0,11.0,11.908387374161066,0.0,-0.05569497632440845
4.6,0.1666666666666666,0.0,8.782016674440298,13.429720127790649,0.0,0.025360867831421052
4.7,0.3525981620718463,0.0,11.0,11.936184648636653,0.0,-0.0721967344270611
4.8,0.0319727891156462,0.0,7.4,10.783363231708234,0.0,0.025917228524980795
3.9,0.2458298171589311,0.0,5.3,9.42456426111574,0.0,0.04143226760033214
4.4,0.2234497294372294,0.0,4.3,11.416766925410508,0.0,0.008842266178727298
4.4,0.1130405436857049,0.0,3.3,10.096831472611818,0.0,0.03765704860485791
4.1,0.3777699694311536,0.0,2.0,7.41336733569524,0.0,-0.052354388412354846
4.1,0.1216469611630901,0.0,9.6,11.392744556713843,0.0,0.08302391579785573
4.3,0.1730872577819006,0.0,9.6,10.948153908874458,0.0,0.03480633469209682
4.2,0.2176688508884801,0.0,10.0,9.857286533635412,0.0,0.019275472451575737
4.2,0.22375,0.0,8.2,13.925614406212093,0.0,0.05746309860992005
4.3,0.3136363636363636,0.0,9.9,10.592476097947214,0.0,-0.021914597817285775
4.2,0.0645865156103643,0.0,8.782016674440298,14.435608436550645,0.0,0.12264861759898216
4.5,0.2239008620689655,0.0,8.782016674440298,15.340304978663491,0.0,0.03480474312057513
4.3,0.2515586419753086,0.0,8.782016674440298,11.455592918322983,0.0,0.010243730962845032
4.6,0.2400545230424798,0.0,8.782016674440298,14.943917219830412,0.0,0.012591128220489245
4.4,0.2099395141895141,0.0,3.5,13.521469644199511,0.0,0.034883111759922036
4.5,0.5681818181818181,0.0,21.0,7.45298232946546,0.0,-0.17494932848946143
4.7,0.2779282321290784,0.0,11.33328158386752,11.844090787657889,0.0,-0.044903016864600964
4.4,0.4902651515151515,0.0,12.0,10.398031343727837,0.0,-0.10307879146623589
4.6,0.2824789562289562,0.0,17.0,15.718032476101016,0.0,0.0032361379781002952
4.6,0.1793280022446689,0.0,3.8,8.933796043934858,0.0,-0.023348111841480668
4.6,0.3507882882882883,0.0,23.0,8.531884740159228,0.0,-0.0944522873037934
4.5,0.1083806400646678,0.0,14.0,9.657203308780277,0.0,0.021624150030425837
4.3,0.1494191919191919,0.0,12.0,11.180092597802776,0.0,0.045771629550979964
4.7,0.264431758056758,0.0,3.0,12.21837170111719,0.0,-0.035107974078211424
4.5,0.4390555555555556,0.0,14.0,15.57050956513787,0.0,-0.04491764337345472
4.3,0.0979656836219336,0.0,11.33328158386752,12.492761725127698,0.0,0.07830833858845015
4.7,0.4643197278911565,0.0,38.0,8.755107121633896,0.0,-0.14913849857441497
4.3,0.5013784013605442,0.0,3.9,8.596743470174246,0.0,-0.11197853279364378
4.4,0.0763888888888888,0.0,9.8,10.691058156211511,0.0,0.056635672130769754
4.3,0.1930357142857142,0.0,9.8,7.629003889652957,0.0,-0.005621627101931037
4.7,0.25675,0.0,27.0,9.400133943608838,0.0,-0.06293754702735288
4.1,0.2984558823529412,0.0,7.4,7.947678571301568,0.0,-0.017701369235644693
4.2,0.1794183710515555,2.49,14.0,11.49160989375136,34.4006237793298,24.40109297903682
3.9,0.0134607007575757,0.0,14.0,10.128149949819608,0.0,0.13526606015777703
4.3,0.1818178351985955,0.99,26.0,10.978797095634402,13.677356442384136,9.711847780262183
4.1,0.0333333333333333,0.0,1.9,11.039748806988994,0.0,0.11384480141710501
4.2,0.2142135145323051,0.0,3.9,10.525085024255995,0.0,0.027914209918578403
4.4,0.4722514455782313,0.0,5.1,12.593719955265364,0.0,-0.07371300309818596
4.3,0.2252503037199728,0.0,10.0,11.060761753852823,0.0,0.01614256142681525
4.1,0.182932551319648,0.0,3.3,11.682330629830956,0.0,0.06345306213496088
4.1,0.2475675681057625,0.0,0.8330078125,11.147901478859588,0.0,0.03400487726937651
4.1,0.253524397462264,0.0,6.4,11.967155340099923,0.0,0.03920426658971077
4.6,0.3419405881474847,0.0,11.33328158386752,14.686881745147325,0.0,-0.028794501375717374
4.1,0.390275974025974,0.0,3.5,10.484920743466072,0.0,-0.026854701454788632
4.2,0.3454586448904631,0.0,7.1,10.268373692146376,0.0,-0.02465027670484532
4.3,0.0979656836219336,0.0,11.33328158386752,12.492765478846223,0.0,0.07830837574913707
4.4,0.2013448437034746,0.0,13.0,12.435663369093405,0.0,0.02626257476352961
4.3,0.184986503080253,9.99,5.9,6.782192056006791,92.01229926609538,97.68946232167879
4.4,0.3061104347041847,0.0,11.33328158386752,14.767917959660734,0.0,0.009919276155148427
4.2,0.4236590038314176,0.0,11.33328158386752,11.659395293868332,0.0,-0.04095996252781775
4.7,0.2800653358986692,0.0,12.89667116715604,13.193617423840584,0.0,-0.03253620657330902
4.3,0.145424762843449,0.0,12.89667116715604,14.919540809595004,0.0,0.08419604432311956
4.4,0.2736637188208617,0.0,24.0,13.987912241774549,0.0,0.012974249608364241
4.4,0.2316251724639882,0.0,12.89667116715604,12.340581685102144,0.0,0.013879605505568549
4.2,0.1004104211760461,0.0,12.89667116715604,12.33031036040768,0.0,0.08776983337110472
4.7,0.1833333333333333,0.0,12.89667116715604,12.56811167699302,0.0,-0.0021384861973215985
4.4,0.1016744144357384,0.0,12.89667116715604,13.446582276143454,0.0,0.07398411148248785
4.0,0.1152958152958153,0.0,2.3,7.664815785285735,0.0,0.06156260538981906
4.5,0.1927914235522931,0.0,12.89667116715604,10.18716160359037,0.0,-0.004928455156979705
4.2,0.0889490139490139,0.0,12.89667116715604,9.510519035757246,0.0,0.06419016013561468
4.4,0.2363305250579099,0.0,61.0,14.436791636116917,0.0,0.02716822680531039
4.5,0.0291666666666666,0.0,1.6,10.047154902348542,0.0,0.05691323948876309
3.9,-0.0376262626262626,0.0,12.89667116715604,8.846496938558838,0.0,0.14203269374602878
4.2,0.0631639309764309,0.0,12.89667116715604,11.53714967519441,0.0,0.09400671202540051
4.7,0.1630472817836099,0.0,7.2,9.868015803227877,0.0,-0.020522125471925112
4.6,0.083485365786798,0.0,12.89667116715604,14.213210259865363,0.0,0.06409536589085352
3.1,0.0787479282869907,0.0,12.89667116715604,8.790725628263576,0.0,0.19489407480948062
4.4,0.1388515211640211,0.0,1.5,13.265701526219235,0.0,0.05947726818232674
4.5,0.1682022607022607,0.0,12.89667116715604,11.723291733364956,0.0,0.019579917760274734
4.4,0.261371545464382,0.0,1.2,10.631494991732009,0.0,-0.012909809146788298
4.4,0.1428201362129933,0.0,4.3,8.701512750872865,0.0,0.012461174876057801
4.5,0.240599394291146,0.0,12.89667116715604,12.607676977089168,0.0,0.000949982623725143
4.4,0.4358370518370518,0.0,7.1,12.231701405163989,0.0,-0.06375899564549148
4.6,0.1707539682539683,0.0,12.89667116715604,11.207703802620411,0.0,0.001331358866678678
4.3,0.1119917929292929,0.0,9.2,13.31987399416401,0.0,0.081443003470823
4.1,0.2595828157349896,0.0,0.703125,6.887552571664617,0.0,-0.012700864304799664
4.2,0.1173233849483849,0.0,12.89667116715604,12.534638710580287,0.0,0.08339509142670432
4.3,0.145424762843449,0.0,12.89667116715604,14.91954346184932,0.0,0.0841960705796414
4.2,0.9333333333333332,0.0,12.89667116715604,12.40724866783866,0.0,-0.22653157678727343
4.6,0.2868606750805411,0.0,12.89667116715604,14.69140337205159,0.0,-0.00809981453363684
4.6,0.083485365786798,0.0,12.89667116715604,14.213210931728897,0.0,0.06409537254210085
4.5,0.240599394291146,0.0,12.89667116715604,12.607713784913848,0.0,0.0009503470101437372
4.0,0.3190705128205128,0.0,5.7,9.103423089630104,0.0,-0.0016775435754785573
4.2,0.15,0.0,1.9,11.016019182793048,0.0,0.05730014089949509
4.4,0.1682127041637911,0.0,12.89667116715604,11.802410910367104,0.0,0.032538402638096375
4.6,0.2011411130229001,0.0,15.0,11.538544477587848,0.0,-0.007136226233568466
4.6,0.2841919813902572,0.0,12.89667116715604,12.49571529479459,0.0,-0.028827002208194785
4.4,0.2363305250579099,0.0,61.0,14.436791098861043,0.0,0.0271682214866385
4.4,0.1298491985987103,0.0,4.1,9.834673236535767,0.0,0.028609166123925223
4.0,0.2475370012870013,0.0,42.0,8.240121298076472,0.0,0.012545618309334872
4.7,0.4325875840980008,0.0,21.0219512195122,10.44397876895787,0.0,-0.11841016860317544
4.4,0.4041456916099773,0.0,21.0219512195122,9.113168460223909,0.0,-0.08428876710834265
4.0,0.2623276643990929,0.0,24.0,6.142037405587356,0.0,-0.011692841767761752
4.2,0.3425348246524717,0.0,24.0,7.906915488678587,0.0,-0.048918756500269556
4.0,0.2277602521352521,0.0,37.0,8.115819701211327,0.0,0.01938660848633017
4.4,0.2742230725623583,0.0,5.2,8.583729715216482,0.0,-0.0385159120411549
4.7,0.2796296296296296,0.0,28.0,5.513428746164983,0.0,-0.11018740553766204
4.4,0.2007233097577335,0.0,13.124006304824562,14.535009948829916,0.0,0.04726592731779611
4.4,0.3651950628736343,0.0,21.0,9.640237896224932,0.0,-0.0643348020955925
4.3,0.4311827956989247,0.0,9.1,9.903937451316493,0.0,-0.07309975142819614
4.5,0.3159428857559437,0.0,13.124006304824562,14.1681787857255,0.0,-0.012127956080083435
3.9,0.0676248306201405,0.0,13.124006304824562,10.00581848363359,0.0,0.11367028192853196
4.2,0.3460664073164073,0.0,5.3,9.821517989668877,0.0,-0.02909123883779574
4.3,0.3734767025089606,0.0,5.6,8.930361883909434,0.0,-0.060496313504339705
4.3,0.17875,0.0,2.9,7.347299700743164,0.0,-0.0021914415420695166
4.5,0.1860153308635281,0.0,4.1,9.836278802842678,0.0,-0.004799631213782574
3.9,0.0183777761277761,0.0,3.0,8.156223323194624,0.0,0.11518427734163689
4.2,0.0314988689966717,0.0,16.031243990384617,8.771835409789817,0.0,0.0782382725106826
3.8,-0.0405373827561327,0.0,16.031243990384617,7.646831391430482,0.0,0.14306636263822897
4.1,0.0315439954390847,0.0,16.031243990384617,10.730837775113637,0.0,0.10979391755986495
3.9,0.2586257665945166,0.0,16.031243990384617,10.269379885524469,0.0,0.04368757908272125
4.5,0.0216669859911486,0.0,12.697119140625,12.42889614563346,0.0,0.08201749089001781
4.3,0.0951145857066909,0.0,12.697119140625,12.600753141535996,0.0,0.0802947467859767
4.6,0.2715553215553216,0.0,11.0,10.299137987255902,0.0,-0.04556840003667817
4.0,0.0585173308128991,0.0,25.0,12.588204300305748,0.0,0.12909782867873443
4.3,-0.0661458333333333,0.0,12.697119140625,13.762319674819771,0.0,0.15279259352316377
4.4,0.2434258021390374,0.0,9.7,6.977281341630747,0.0,-0.0433015037476534
3.9,0.0939301432694289,0.0,13.0,13.684987208068092,0.0,0.14015729961090162
4.7,0.2170459941293274,0.0,6.3,7.841492924460013,0.0,-0.06090341976568592
4.4,0.2337442607897153,0.0,9.8,7.992944547318106,0.0,-0.029596398655223677
4.4,0.385865003052503,0.0,12.697119140625,14.065504781825371,0.0,-0.027363661445763854
3.9,0.1124582652900175,0.0,12.697119140625,10.377296432622842,0.0,0.10043945443159352
4.3,0.1957212569712569,0.0,13.0,11.783173951729472,0.0,0.03410949356730336
4.4,0.3463034188034188,0.0,12.697119140625,11.349912295709045,0.0,-0.03928256863537827
4.2,0.1846397907647907,0.0,8.2,10.207473491694438,0.0,0.035448524826947825
3.9,0.0427003148366784,0.0,12.697119140625,8.717027173294824,0.0,0.11039006799237888
4.2,0.0547054473304473,0.0,27.0,11.029925751269287,0.0,0.09051857253203777
4.3,0.5295,0.0,12.697119140625,8.212025804623437,0.0,-0.1274638270407331
4.0,-0.0424754848192348,0.0,35.0,9.85098299855398,0.0,0.13902040991084452
4.5,0.1951159148207759,0.0,4.6,11.24737011439898,0.0,0.005668269711526341
4.2,0.0984165507111935,0.0,14.0,10.055908165231354,0.0,0.06587778210412798
4.3,0.0,0.0,23.0,10.070780070310322,0.0,0.09000972722528644
4.1,0.0921819930910839,0.0,12.697119140625,11.042377687702809,0.0,0.09033494402855768
3.9,0.0939301432694289,0.0,13.0,13.684996323422908,0.0,0.14015738985017878
4.5,0.2280863229009162,0.0,12.697119140625,11.5432121575751,0.0,-0.004831103473462495
4.4,0.385865003052503,0.0,12.697119140625,14.06550556063035,0.0,-0.027363653735828275
4.3,0.2946407459333595,0.0,6.8,9.55470991405776,0.0,-0.024636588833333306
4.2,0.2781841981321148,0.0,16.614368127893517,10.001702600033084,0.0,-0.002966989982106094
4.3,0.2510749072356215,0.0,7.7,10.166428573724405,0.0,-0.0022077912588724935
4.8,0.65,0.0,3.3,9.671933733861948,0.0,-0.21837737926629175
4.3,0.2724778825671683,0.0,29.0,11.065403224873476,0.0,-0.003920722963548728
4.6,0.3464880952380952,0.0,5.4,9.686263943732907,0.0,-0.07931825327251307
4.2,0.1004489750445632,0.0,8.5,10.055349901845377,0.0,0.06575328746058856
4.5,0.3840313430059524,0.0,4.9,11.997423540366416,0.0,-0.058401396594995436
3.9,0.0082938629997453,0.0,11.0,8.221747728346623,0.0,0.11870211632755479
3.7,0.2772727272727273,0.0,2.9,7.782807262839695,0.0,0.037927624781629254
4.3,-0.0148988896693203,0.0,55.0,14.406292177952164,0.0,0.13478490371517882
4.6,0.175294237012987,0.0,74.0,11.461526901884229,0.0,-0.005092592064327328
4.2,-0.0537089592096241,0.0,32.0,15.154612415475151,0.0,0.17177003538562496
4.6,0.1395563554802685,0.0,15.0,9.234837843576573,0.0,-0.006647057786977162
3.9,0.3295922619047619,0.0,6.3,6.594413459749778,0.0,-0.018387674113045427
4.4,-0.0238742779136608,0.0,97.0,15.532161529038332,0.0,0.1321842730694276
4.6,0.0883563101949729,0.0,74.0,12.481637854390716,0.0,0.037891513237861385
4.8,0.0696302333854417,0.0,14.0,10.583574822507286,0.0,0.008915218472159925
4.4,0.4676240079365079,0.0,5.7,5.1647859739235145,0.0,-0.14557772593134133
4.2,0.0565905604908209,0.0,11.657320462740383,13.9038309112039,0.0,0.12006903057679835
3.8,0.2811435185185185,0.0,23.92133669969512,8.356554845453426,0.0,0.027480546223243585
4.5,0.1901718795093795,0.0,50.0,10.68228476721217,0.0,-0.0034197408872530533
4.3,0.145424762843449,0.0,12.89667116715604,14.918960791548107,0.0,0.08419030231851465
4.4,0.2141666666666666,0.0,8.782016674440298,15.56326327922417,0.0,0.05287321862209632
4.5,0.0044504107258209,0.0,92.0,15.942517108855702,0.0,0.11394408424777341
4.4,0.0139051126856269,0.0,45.0,13.673855975675592,0.0,0.10564085927635236
4.5,0.0342221583670175,0.0,15.1443601623062,13.57612074797166,0.0,0.08833638603428828
4.3,0.1899473422576101,0.0,42.0,13.71957878501095,0.0,0.05203704457655678
4.3,0.2977941730740238,0.0,12.89667116715604,11.949042628633384,0.0,-0.002846552213907949
4.3,0.2023680188124632,0.0,11.0,11.799577006607484,0.0,0.03199396003884919
4.3,0.07045600459865,0.0,11.0,14.074248254376066,0.0,0.10440982347056049
4.2,0.1196011954866121,0.0,24.0,11.885102626212218,0.0,0.0747914200179986
4.6,0.0438963146592635,0.0,63.0,13.152390031351244,0.0,0.062648926513166
4.6,0.2669661834114958,0.0,91.0,10.805192426081865,0.0,-0.048274656287688456
3.4,-0.15,0.0,17.0,10.284181711652373,0.0,0.2591831452687282
3.8,-0.0992506003333746,0.0,21.0,11.35935461700798,0.0,0.20144115206498397
4.7,0.3620735148640422,0.0,13.253663862179488,14.707793802496148,0.0,-0.048609070015948386
4.6,0.18089609339033,0.0,81.0,11.829187705617622,0.0,-0.004398874504315309
4.1,-0.0059087159022024,0.0,16.97090038090796,18.17386174037728,0.0,0.19753353855566558
3.8,0.2748487572309293,0.0,3.0,10.007487142554613,0.0,0.04867718964808776
4.4,0.0825077072811448,0.0,16.831950070730453,15.478865280357436,0.0,0.1008881898518742
4.5,0.0087818544146451,0.0,52.0,16.467689351972062,0.0,0.12223068127893744
4.5,0.0195723487398422,0.0,94.0,16.123400256627068,0.0,0.10977842030242047
4.6,0.3034726490755402,0.0,4.4,13.611288118074288,0.0,-0.024072434405438825
4.6,0.0400013694607723,0.0,98.0,17.619535082472865,0.0,0.10421040798954517
4.6,0.0462373470976098,0.0,97.0,16.95643699264029,0.0,0.0954052518435175
4.3,0.2768000669964955,0.0,1.8,10.010052342764158,0.0,-0.012789638517995305
4.4,0.0310678654100529,0.0,74.0,16.925439711263955,0.0,0.12791221732726266
4.4,0.1065154333126959,0.0,63.0,16.00396927157798,0.0,0.09155063123191837
4.3,0.1547945468509984,0.0,41.0,15.443073023849198,0.0,0.08251423584266182
4.8,0.2241869168905806,0.0,9.7,14.766678352215456,0.0,-0.007628188444401496
4.5,0.2176940734746921,0.0,60.0,15.25770735006331,0.0,0.03028347735595771
4.4,0.2363305250579099,0.0,61.0,14.436541243601162,0.0,0.02716574799454552
4.6,-0.000518077601411,0.0,74.0,16.105362021320175,0.0,0.10738309761549181
4.3,0.0079406596488457,0.0,66.0,13.971625022589055,0.0,0.1205428542663981
4.4,0.1072400512719776,0.0,11.657320462740383,14.938847003440678,0.0,0.08679824396620345
3.9,0.1532734140136483,0.0,58.0,9.274066062856727,0.0,0.06872648424984862
4.2,0.0825176993840899,0.0,13.253663862179488,13.609902359739126,0.0,0.10716336825894834
4.6,0.083485365786798,0.0,12.89667116715604,14.21313836785922,0.0,0.06409465418156696
4.6,0.0204472716887489,0.0,15.897717757251382,15.59233505362392,0.0,0.10123863085657892
4.4,0.2915263605442177,0.0,15.897717757251382,15.607868348162633,0.0,0.023211849116036465
4.3,-0.0009910877556351,0.0,16.97090038090796,15.966803465075012,0.0,0.14946581388935098
4.2,0.0272082492394992,0.0,35.667878787878784,14.32932710445827,0.0,0.1325586972447801
4.2,0.3680555555555556,0.0,16.97090038090796,15.390020115878968,0.0,0.016338694118969488
4.2,0.0645865156103643,0.0,8.782016674440298,14.433537022949723,0.0,0.12262811122594974
4.5,0.0646231638812587,0.0,59.0,13.93667099488578,0.0,0.0752246696360015
4.4,0.2603594687476266,0.0,8.782016674440298,15.897651453109187,0.0,0.038710580065668354
4.0,0.2393547675414862,0.0,11.657320462740383,15.044994664053371,0.0,0.08659181531045457
4.6,0.2841919813902572,0.0,12.89667116715604,12.495164973104576,0.0,-0.02883245022777825
4.2,0.0766603713037169,0.0,33.0,14.211468616955402,0.0,0.11300128347420418
3.7,0.0244729564521231,0.0,14.0,10.643470607933104,0.0,0.16056042056769476
4.3,0.2861184210526316,0.0,5.6,11.543115136133286,0.0,-0.001586523194706424
4.5,0.1194444444444444,0.0,23.0,13.213382545791472,0.0,0.05158089742385896
4.4,0.0130677538872691,0.0,49.0,14.568202247817318,0.0,0.11433876299457219
4.6,0.3179679035352112,0.0,19.42575805986148,9.651043915510366,0.0,-0.07053594934967844
4.3,0.3016666666666667,0.0,16.97090038090796,12.075531064675088,0.0,-0.0035405388970944918
4.4,0.3061104347041847,0.0,11.33328158386752,14.767790248031105,0.0,0.009918011848340402
4.6,0.002282199760648,0.0,57.0,15.171797413690417,0.0,0.0990903868928667
4.4,-0.0103838275086834,0.0,46.0,14.774986824994633,0.0,0.12561115779073462
4.2,0.0984165507111935,0.0,14.0,10.05586523295701,0.0,0.06587735708749565
3.7,0.1618236431488311,0.0,12.697119140625,9.246672301223573,0.0,0.09493192713929682
4.6,0.0125,0.0,6.1,14.633122843788948,0.0,0.0959064616035552
4.3,0.1126389436774052,0.0,20.0,10.28643434921369,0.0,0.04989205689198317
4.6,0.3236720779220779,0.0,15.897717757251382,11.359576130646548,0.0,-0.05536283017081767
4.0,0.2988800037411148,0.0,19.0,10.299205309189412,0.0,0.01622625864867644
4.6,0.4320632947781385,0.0,17.0,11.935929201553744,0.0,-0.0907876186784824
4.4,0.0162333499833499,0.0,8.782016674440298,15.41116653431233,0.0,0.12623815628176832
4.0,0.1011360479797979,0.0,22.0,11.860655522427155,0.0,0.10612872118759037
4.0,-0.0235272791804636,0.0,51.49368421052631,13.091613406002404,0.0,0.1619855761389588
4.3,0.2922668422777688,0.0,9.7,12.095922902029187,0.0,0.0010759818431909096
4.5,0.1870211671841937,0.0,16.831950070730453,16.199462066758944,0.0,0.05630923357880141
4.6,0.4383116883116883,0.0,25.0,13.409415751637797,0.0,-0.07950926775803258
4.4,0.0223125676884839,0.0,54.0,14.138770900613256,0.0,0.10599981364217081
4.5,0.1951159148207759,0.0,4.6,11.246574263220277,0.0,0.00566039102368654
4.4,0.2007233097577335,0.0,13.124006304824562,14.534524295918008,0.0,0.04726111949970924
4.2,0.1524792850378787,0.0,11.657320462740383,12.049728728983316,0.0,0.06544291583529205
4.6,0.0336784023386116,0.0,93.0,13.60127223712058,0.0,0.06741329602498558
4.2,0.115687486099574,0.0,18.0430166080298,12.76033986965099,0.0,0.085640226676025
4.4,0.3329540935468355,0.0,24.43365444032485,10.960531040115583,0.0,-0.039474446730752955
4.4,0.0808591664302891,0.0,91.0,14.058750026894186,0.0,0.07869015601607665
4.3,-0.3833333333333333,0.0,82.0,13.770110391254924,0.0,0.2646616102216116
4.2,0.2051061636775922,0.0,51.0,10.155296303064102,0.0,0.022133547600871772
3.7,-0.0435933789156445,0.0,24.43365444032485,9.739438040529622,0.0,0.17612494832555853
4.4,0.3,0.0,53.0,14.964969624679682,0.0,0.009258482230029674
4.7,0.0678093017461953,0.0,50.32299668633901,14.244420020237524,0.0,0.05373292094294713
4.6,0.3419405881474847,0.0,11.33328158386752,14.686845764036567,0.0,-0.028794857577916222
3.9,0.311099537037037,0.0,11.0,11.769650783501186,0.0,0.03928541573923028
4.3,0.1383768774436858,0.0,11.657320462740383,16.36834349953415,0.0,0.101351131671922
4.7,0.4087426900584795,0.0,22.0561224489796,10.85019109081848,0.0,-0.10549135805665155
4.3,0.1485611214182642,0.0,16.97090038090796,15.145622851991986,0.0,0.08476645635053232
3.8,-0.0556527117201929,0.0,32.0,11.382076186545236,0.0,0.18387502305149173
4.7,0.3250549115005364,0.0,2.6,9.02977726819709,0.0,-0.08955827690945384
4.3,0.4063640873015873,0.0,2.0,3.8501476017100575,0.0,-0.12280362060867045
3.9,0.0134607007575757,0.0,14.0,10.128070068044591,0.0,0.1352652693521763
4.3,0.1818178351985955,0.99,26.0,10.978745915505929,13.677356442384136,9.711847273594268
4.7,0.168856336043836,0.0,24.0,11.86575602873994,0.0,-0.004927348526070685
4.5,0.3268825522303783,0.0,39.0,11.08189636473079,0.0,-0.049876515060018556
4.5,0.097012013936356,0.0,26.08599881169094,13.639654852427933,0.0,0.06392159265085001
4.4,0.4068806306306306,0.0,19.0,10.7743205614855,0.0,-0.06863949125970892
4.4,0.2316251724639882,0.0,12.89667116715604,12.340411212301976,0.0,0.013877917876004564
4.4,0.3058902989260132,0.0,11.657320462740383,11.060007048702303,0.0,-0.026742945098215065
4.7,0.2700516800659658,0.0,18.0430166080298,13.468246902874853,0.0,-0.02663770863060355
4.6,0.2824789562289562,0.0,17.0,15.717744643516426,0.0,0.0032332885218893104
4.6,0.2400545230424798,0.0,8.782016674440298,14.943902012941498,0.0,0.012590977676852466
4.4,0.55625,0.0,1.8,12.021933437809194,0.0,-0.11075708566861142
4.3,0.2063246669143246,0.0,30.23846153846154,11.320553572322773,0.0,0.023482112450203707
4.5,0.3937034821903243,0.0,3.9,8.427706024914702,0.0,-0.09728098209544656
4.5,0.3055693342151675,0.0,13.0,9.704548689918736,0.0,-0.052377983048041976
4.4,0.4320949074074074,0.0,16.831950070730453,14.698519959578778,0.0,-0.039072543825056316
4.7,0.1942810457516339,0.0,22.0,11.868913172816324,0.0,-0.014276996480494075
4.3,0.2189220865113722,0.0,59.0,13.178588689373434,0.0,0.033712823406264913
4.6,0.0761704516471637,0.0,48.0,12.732996986755898,0.0,0.04806122074327107
4.2,0.4924897443826015,0.0,13.51456640625,10.153234085644872,0.0,-0.08216427639491941
4.3,0.3340090240641711,0.0,95.0,10.67106943758126,0.0,-0.03889725138059541
4.3,0.3306327561327561,0.0,21.0,12.49795090167586,0.0,-0.010791514942464109
4.4,0.3907407407407408,0.0,20.0,13.089391738053717,0.0,-0.03973402376614754
4.2,0.1004104211760461,0.0,12.89667116715604,12.330297112771827,0.0,0.08776970222348535
4.2,-0.0342558078495578,0.0,48.595373883928566,10.17762835442124,0.0,0.1131802680932894
4.7,0.1986302882723337,0.0,38.92432432432432,15.655677737283142,0.0,0.01956608701212853
4.5,0.2296042017396183,0.0,35.0,12.930934070686178,0.0,0.0056977025502281675
4.3,0.0979656836219336,0.0,11.33328158386752,12.492885590399975,0.0,0.07830956481747459
4.5,0.1169023559743807,0.0,70.0,12.903333851868997,0.0,0.04392006917429425
3.6,0.1894097222222222,0.0,43.0,6.610696044717759,0.0,0.06700070468039099
4.2,0.1965599297808238,0.0,66.0,11.131240358027329,0.0,0.033255577570300954
4.4,0.180236682925485,3.99,9.5,8.130942302231878,43.170995153999044,39.013351065244684
4.5,0.2785210969585969,0.0,15.0,16.361811415714254,0.0,0.023521941630509913
4.3,0.1772660982370803,0.0,4.7,13.94085603723518,0.0,0.06343142249301259
4.3,0.0438083774216586,0.0,53.0,12.881106770663193,0.0,0.09771559683720499
4.3,0.1629470509928256,0.0,26.08599881169094,11.419010311663804,0.0,0.04135551819049049
4.5,0.2387310606060605,0.0,13.253663862179488,13.026761755134777,0.0,0.005763337356802456
4.1,0.4041555349412492,0.0,18.0,12.20714706813144,0.0,-0.01676845206559885
4.3,0.071099861395914,0.0,37.0,14.26947816982396,0.0,0.10302711404390569
4.3,0.0827339041606754,0.0,45.174731182795696,14.426569857575494,0.0,0.09921572012725344
4.2,0.2477037637331754,0.0,18.0430166080298,10.113221596940404,0.0,0.009497810577714927
4.3,0.0949020549208519,0.0,24.43365444032485,14.665276370450853,0.0,0.09942663669986224
4.6,0.2749015305493963,0.0,15.897717757251382,14.131111496464,0.0,-0.009477417579462188
3.9,0.0939301432694289,0.0,13.0,13.685477040634892,0.0,0.1401621488063176
4.8,0.0475896043515136,0.0,62.0,14.049859098263417,0.0,0.04589636083331716
4.5,0.2088149162103866,0.0,16.831950070730453,12.31914236873796,0.0,0.009651486200042525
4.8,0.3383518564768565,0.0,15.0,12.976553482981558,0.0,-0.06916033542889044
4.3,0.201457362082362,0.0,15.970010080645162,10.688484386725952,0.0,0.020751740403836372
4.1,0.0195012685596567,0.0,15.1443601623062,8.964951211714654,0.0,0.09697226097596423
4.6,0.0926399453720882,0.0,9.6,11.74672404927177,0.0,0.03660456233074044
4.2,-0.1064102421271538,0.0,1.5,10.027959280046968,0.0,0.14455615191266713
4.4,0.0064078983392599,0.0,71.0,15.845715504589238,0.0,0.1269056476027528
4.6,0.1702321488233137,0.0,25.0,14.816849541157175,0.0,0.035828203852855456
4.0,-0.0610827285459638,0.0,13.922886181382276,14.06221515505928,0.0,0.19023900264561705
4.1,0.2034005359719645,0.0,13.922886181382276,9.854927361920751,0.0,0.036364971600752694
4.5,0.0764728617218388,0.0,53.0,15.526442219741934,0.0,0.08718953291324383
4.1,0.1907954545454545,0.0,69.07142857142857,10.998242410876934,0.0,0.04593571182238454
4.4,0.2147809172809172,0.0,4.0,10.518186586766932,0.0,0.003261117375058409
